price,address,bds,ba,sqft,image
"$133,000","5369 Brickleberry Way, Douglasville, GA 30134",3,2,"1,284",https://photos.zillowstatic.com/p_e/IS7qn137zvixoc1000000000.jpg
"$465,000","2908 Legion Lake Rd, Douglasville, GA 30135",5,3,"2,869",https://photos.zillowstatic.com/p_e/ISfs211azyr5r90000000000.jpg
"$194,000","6592 Oakwood Dr, Douglasville, GA 30135",3,3,"2,229",https://photos.zillowstatic.com/p_e/IS3jj61l4m83bx0000000000.jpg
"$229,000","6860 Robinwood Trl, Douglasville, GA 30135",3,3,"2,595",https://photos.zillowstatic.com/p_e/ISn6fmv6ndq4a11000000000.jpg
"$195,000","8609 Dogwood Ct, Douglasville, GA 30135",3,3,"2,704",https://photos.zillowstatic.com/p_e/ISf8nb7jmpudc71000000000.jpg
"$309,900","4439 Bellemeade Dr, Douglasville, GA 30135",5,4,"4,288",https://photos.zillowstatic.com/p_e/ISbtg9k7fltnsd0000000000.jpg
"$83,000","8040 S Giles Rd, Douglasville, GA 30135",3,2,"1,248",https://photos.zillowstatic.com/p_e/ISjjya8q8em6fd1000000000.jpg
"$190,000","1480 Wynsong Ct, Douglasville, GA 30134",4,3,"2,046",https://photos.zillowstatic.com/p_e/IS7azv5915nd4h0000000000.jpg
"$170,000","8046 Cedar Mountain Rd, Douglasville, GA 30134",4,3,"1,348",https://photos.zillowstatic.com/p_e/IS7umj3sn1yqfb0000000000.jpg
"$77,580","8501 Westchester Dr, Douglasville, GA 30134",2,2,"1,066","data:image/gif;base64,R0lGODlhAQABAIAAAAAAAP///yH5BAEAAAAALAAAAAABAAEAAAIBRAA7"
"$77,580","8512 Westchester Dr, Douglasville, GA 30134",2,2,"1,320","data:image/gif;base64,R0lGODlhAQABAIAAAAAAAP///yH5BAEAAAAALAAAAAABAAEAAAIBRAA7"
"$77,580","8513 Westchester Dr, Douglasville, GA 30134",3,3,"1,200","data:image/gif;base64,R0lGODlhAQABAIAAAAAAAP///yH5BAEAAAAALAAAAAABAAEAAAIBRAA7"
"$77,580","8516 Westchester Dr, Douglasville, GA 30134",2,1.5,"1,320","data:image/gif;base64,R0lGODlhAQABAIAAAAAAAP///yH5BAEAAAAALAAAAAABAAEAAAIBRAA7"
"$150,000","7245 Myrtle Ln, Douglasville, GA 30134",3,2,"1,296","data:image/gif;base64,R0lGODlhAQABAIAAAAAAAP///yH5BAEAAAAALAAAAAABAAEAAAIBRAA7"
"$237,000","4274 Sitka Dr, Douglasville, GA 30135",5,3,"3,053","data:image/gif;base64,R0lGODlhAQABAIAAAAAAAP///yH5BAEAAAAALAAAAAABAAEAAAIBRAA7"
"$209,968","5560 Dorsett Shoals Ln, Douglasville, GA 30135",3,2,"3,202","data:image/gif;base64,R0lGODlhAQABAIAAAAAAAP///yH5BAEAAAAALAAAAAABAAEAAAIBRAA7"
"$215,000","2252 Skint Chestnut Dr, Lithia Springs, GA 30122",4,3,"2,676","data:image/gif;base64,R0lGODlhAQABAIAAAAAAAP///yH5BAEAAAAALAAAAAABAAEAAAIBRAA7"
"$218,000","1356 Windsor Glen Dr, Douglasville, GA 30134",3,2,"1,786","data:image/gif;base64,R0lGODlhAQABAIAAAAAAAP///yH5BAEAAAAALAAAAAABAAEAAAIBRAA7"
"$190,000","10908 Veterans Memorial Hwy, Lithia Springs, GA 30122",--,--,"4,150",N/A
"$137,000","6065 Hill St, Douglasville, GA 30134",3,2,"1,250","data:image/gif;base64,R0lGODlhAQABAIAAAAAAAP///yH5BAEAAAAALAAAAAABAAEAAAIBRAA7"
"$202,000","4159 Green Field Dr, Douglasville, GA 30135",4,3,"2,684","data:image/gif;base64,R0lGODlhAQABAIAAAAAAAP///yH5BAEAAAAALAAAAAABAAEAAAIBRAA7"
"$550,000","4373 Warmstone Path, Douglasville, GA 30135",7,5,"4,872","data:image/gif;base64,R0lGODlhAQABAIAAAAAAAP///yH5BAEAAAAALAAAAAABAAEAAAIBRAA7"
"$160,000","6286 Valhalla Dr, Douglasville, GA 30135",3,2,"1,104","data:image/gif;base64,R0lGODlhAQABAIAAAAAAAP///yH5BAEAAAAALAAAAAABAAEAAAIBRAA7"
"$350,000","6061 Bear Lake Dr, Douglasville, GA 30135",3,2,"2,334","data:image/gif;base64,R0lGODlhAQABAIAAAAAAAP///yH5BAEAAAAALAAAAAABAAEAAAIBRAA7"
"$261,000","8933 Dornoch Cir, Winston, GA 30187",3,2,"1,625","data:image/gif;base64,R0lGODlhAQABAIAAAAAAAP///yH5BAEAAAAALAAAAAABAAEAAAIBRAA7"
"$234,900","3510 Ridge Hill Pkwy, Douglasville, GA 30135",4,3,"2,002","data:image/gif;base64,R0lGODlhAQABAIAAAAAAAP///yH5BAEAAAAALAAAAAABAAEAAAIBRAA7"
"$269,588","1156 Red Bud Dr, Villa Rica, GA 30180",--,--,--,N/A
"$170,000","1017 Rolling Meadows Rd, Villa Rica, GA 30180",3,3,"1,948","data:image/gif;base64,R0lGODlhAQABAIAAAAAAAP///yH5BAEAAAAALAAAAAABAAEAAAIBRAA7"
"$127,000","8021 Big Rock Dr, Douglasville, GA 30134",3,2,"1,103","data:image/gif;base64,R0lGODlhAQABAIAAAAAAAP///yH5BAEAAAAALAAAAAABAAEAAAIBRAA7"
"$231,900","3500 Ridge Hill Pkwy, Douglasville, GA 30135",3,3,"1,915","data:image/gif;base64,R0lGODlhAQABAIAAAAAAAP///yH5BAEAAAAALAAAAAABAAEAAAIBRAA7"
"$215,000","4167 Green Field Dr, Douglasville, GA 30135",4,3,"2,694","data:image/gif;base64,R0lGODlhAQABAIAAAAAAAP///yH5BAEAAAAALAAAAAABAAEAAAIBRAA7"
"$227,900","3490 Ridge Hill Pkwy, Douglasville, GA 30135",3,3,"1,800","data:image/gif;base64,R0lGODlhAQABAIAAAAAAAP///yH5BAEAAAAALAAAAAABAAEAAAIBRAA7"
"$249,525","8195 Orkney Way, Winston, GA 30187",4,3,"2,265","data:image/gif;base64,R0lGODlhAQABAIAAAAAAAP///yH5BAEAAAAALAAAAAABAAEAAAIBRAA7"
"$240,000","9131 Par Dr, Douglasville, GA 30134",4,3,"3,461","data:image/gif;base64,R0lGODlhAQABAIAAAAAAAP///yH5BAEAAAAALAAAAAABAAEAAAIBRAA7"
"$257,400","3354 Franklin Forest Dr, Winston, GA 30187",6,3,"2,274","data:image/gif;base64,R0lGODlhAQABAIAAAAAAAP///yH5BAEAAAAALAAAAAABAAEAAAIBRAA7"
"$185,000","8193 Mattie Mccoy Ln, Winston, GA 30187",4,2,"1,988","data:image/gif;base64,R0lGODlhAQABAIAAAAAAAP///yH5BAEAAAAALAAAAAABAAEAAAIBRAA7"
"$339,000","3082 Greymont Cloister, Douglasville, GA 30135",5,4,"4,600",N/A
"$165,000","5515 Richland Dr, Douglasville, GA 30135",3,2,"1,521","data:image/gif;base64,R0lGODlhAQABAIAAAAAAAP///yH5BAEAAAAALAAAAAABAAEAAAIBRAA7"
"$173,500","6100 Yucca Dr, Douglasville, GA 30135",4,2,"1,994","data:image/gif;base64,R0lGODlhAQABAIAAAAAAAP///yH5BAEAAAAALAAAAAABAAEAAAIBRAA7"
"$229,900","6547 Dorsett Shoals Rd, Douglasville, GA 30135",3,2,"1,584","data:image/gif;base64,R0lGODlhAQABAIAAAAAAAP///yH5BAEAAAAALAAAAAABAAEAAAIBRAA7"
"$202,500","9955 Ephesus Church Rd, Villa Rica, GA 30180",4,2,"1,650",https://photos.zillowstatic.com/p_e/IS33nisfcnlbpk1000000000.jpg
"$95,000","3894 Pool Rd LOT 12, Winston, GA 30187",10,N/A,N/A,https://photos.zillowstatic.com/p_e/ISn24vrbti34w51000000000.jpg
"$229,900","6547 Dorsett Shoals Rd, Douglasville, GA 30135",3,2,"1,584",https://photos.zillowstatic.com/p_e/ISv0se8c48aa110000000000.jpg
"$160,000","2052 Riverside Pkwy, Douglasville, GA 30135",3,2,"1,300",https://photos.zillowstatic.com/p_e/ISppkmbg4od1300000000000.jpg
"$370,000","9360 Parkwood Ave, Douglasville, GA 30135",6,5,"4,943",https://photos.zillowstatic.com/p_e/ISz7saouw8arhm1000000000.jpg
"$25,000","9920 Bridgewater Pointe, Villa Rica, GA 30180",0.38,N/A,N/A,https://photos.zillowstatic.com/p_e/ISjzqf7wi72k2d1000000000.jpg
"$194,000","9472 Parkwood Dr, Douglasville, GA 30135",4,3,"1,806",https://photos.zillowstatic.com/p_e/ISv8mzigt7ma0c1000000000.jpg
"$272,000","6379 Berwin Dr, Douglasville, GA 30135",5,5,"3,514",https://photos.zillowstatic.com/p_e/ISrpkaumsv2hwp1000000000.jpg
"$355,000","3290 Thorneridge Trl, Douglasville, GA 30135",6,5,"4,546",https://photos.zillowstatic.com/p_e/ISvwkapveevzac0000000000.jpg
"$275,900","5007 Lake Holw, Douglasville, GA 30135",3,3,"2,463","data:image/gif;base64,R0lGODlhAQABAIAAAAAAAP///yH5BAEAAAAALAAAAAABAAEAAAIBRAA7"
"$214,900","8094 Colton Creek Way, Douglasville, GA 30134",4,3,"2,144","data:image/gif;base64,R0lGODlhAQABAIAAAAAAAP///yH5BAEAAAAALAAAAAABAAEAAAIBRAA7"
"$116,000","3043 Skyview Dr, Lithia Springs, GA 30122",4,2,"1,370","data:image/gif;base64,R0lGODlhAQABAIAAAAAAAP///yH5BAEAAAAALAAAAAABAAEAAAIBRAA7"
"$136,000","14301 Veterans Memorial Hwy, Villa Rica, GA 30180",5,2,"1,950","data:image/gif;base64,R0lGODlhAQABAIAAAAAAAP///yH5BAEAAAAALAAAAAABAAEAAAIBRAA7"
"$197,000","9896 Live Oak Ct, Douglasville, GA 30135",4,3,"2,153","data:image/gif;base64,R0lGODlhAQABAIAAAAAAAP///yH5BAEAAAAALAAAAAABAAEAAAIBRAA7"
"$275,000","4032 Ashland Cir, Douglasville, GA 30135",5,3,"2,870","data:image/gif;base64,R0lGODlhAQABAIAAAAAAAP///yH5BAEAAAAALAAAAAABAAEAAAIBRAA7"
"$416,000","3661 Guinevere Trce, Douglasville, GA 30135",6,6,"5,671","data:image/gif;base64,R0lGODlhAQABAIAAAAAAAP///yH5BAEAAAAALAAAAAABAAEAAAIBRAA7"
"$225,000","3995 Soaring Dr, Douglasville, GA 30135",4,3,"2,826","data:image/gif;base64,R0lGODlhAQABAIAAAAAAAP///yH5BAEAAAAALAAAAAABAAEAAAIBRAA7"
"$182,000","9605 Brook Haven Ct, Villa Rica, GA 30180",3,3,"1,639","data:image/gif;base64,R0lGODlhAQABAIAAAAAAAP///yH5BAEAAAAALAAAAAABAAEAAAIBRAA7"
"$210,000","4085 Evening Shade Dr, Douglasville, GA 30134",5,4,"2,009","data:image/gif;base64,R0lGODlhAQABAIAAAAAAAP///yH5BAEAAAAALAAAAAABAAEAAAIBRAA7"
"$145,000","7165 Tulip Dr, Lithia Springs, GA 30122",3,2,"1,260","data:image/gif;base64,R0lGODlhAQABAIAAAAAAAP///yH5BAEAAAAALAAAAAABAAEAAAIBRAA7"
"$205,000","3782 King Dr, Douglasville, GA 30135",3,3,"1,593","data:image/gif;base64,R0lGODlhAQABAIAAAAAAAP///yH5BAEAAAAALAAAAAABAAEAAAIBRAA7"
"$210,000","2951 War Party Ct, Douglasville, GA 30135",3,2,"2,009","data:image/gif;base64,R0lGODlhAQABAIAAAAAAAP///yH5BAEAAAAALAAAAAABAAEAAAIBRAA7"
"$200,000","4128 Churchill Ct, Winston, GA 30187",4,3,"1,760","data:image/gif;base64,R0lGODlhAQABAIAAAAAAAP///yH5BAEAAAAALAAAAAABAAEAAAIBRAA7"
"$105,000","8312 Grady St, Douglasville, GA 30134",3,2,"1,260","data:image/gif;base64,R0lGODlhAQABAIAAAAAAAP///yH5BAEAAAAALAAAAAABAAEAAAIBRAA7"
"$170,000","3350 Nellie Ln, Douglasville, GA 30134",3,2,"1,782","data:image/gif;base64,R0lGODlhAQABAIAAAAAAAP///yH5BAEAAAAALAAAAAABAAEAAAIBRAA7"
"$160,000","4248 Midway Dr, Douglasville, GA 30134",3,2,"1,473","data:image/gif;base64,R0lGODlhAQABAIAAAAAAAP///yH5BAEAAAAALAAAAAABAAEAAAIBRAA7"
"$175,000","7564 Linecrest Dr, Douglasville, GA 30134",3,2,"1,294","data:image/gif;base64,R0lGODlhAQABAIAAAAAAAP///yH5BAEAAAAALAAAAAABAAEAAAIBRAA7"
"$359,900","4636 Hartwell Dr, Douglasville, GA 30135",5,4,"2,604","data:image/gif;base64,R0lGODlhAQABAIAAAAAAAP///yH5BAEAAAAALAAAAAABAAEAAAIBRAA7"
"$170,000","3001 Wilkes Plantation Way, Douglasville, GA 30135",4,2,"1,659","data:image/gif;base64,R0lGODlhAQABAIAAAAAAAP///yH5BAEAAAAALAAAAAABAAEAAAIBRAA7"
"$129,000","5180 Kings Hwy, Douglasville, GA 30135",3,2,"1,494","data:image/gif;base64,R0lGODlhAQABAIAAAAAAAP///yH5BAEAAAAALAAAAAABAAEAAAIBRAA7"
"$143,857","2245 Telluride Dr, Douglasville, GA 30135",3,2,"1,770","data:image/gif;base64,R0lGODlhAQABAIAAAAAAAP///yH5BAEAAAAALAAAAAABAAEAAAIBRAA7"
"$189,900","6874 Alexander Pkwy, Douglasville, GA 30135",4,3,"1,617","data:image/gif;base64,R0lGODlhAQABAIAAAAAAAP///yH5BAEAAAAALAAAAAABAAEAAAIBRAA7"
"$40,000","Phillips Mill Rd, Douglasville, GA 30135",--,--,--,N/A
"$215,000","9700 Broad Leaf Ct, Villa Rica, GA 30180",5,3,"2,757","data:image/gif;base64,R0lGODlhAQABAIAAAAAAAP///yH5BAEAAAAALAAAAAABAAEAAAIBRAA7"
"$162,000","4253 Basinside Ct, Douglasville, GA 30135",3,3,"1,348","data:image/gif;base64,R0lGODlhAQABAIAAAAAAAP///yH5BAEAAAAALAAAAAABAAEAAAIBRAA7"
"$209,000","9705 Broad Leaf Ct, Villa Rica, GA 30180",5,4,"2,612","data:image/gif;base64,R0lGODlhAQABAIAAAAAAAP///yH5BAEAAAAALAAAAAABAAEAAAIBRAA7"
"$150,000","5050 Big A Rd, Douglasville, GA 30135",3,2,"1,455","data:image/gif;base64,R0lGODlhAQABAIAAAAAAAP///yH5BAEAAAAALAAAAAABAAEAAAIBRAA7"
"$279,900","8240 Farmington Ln, Winston, GA 30187",4,3,"2,002","data:image/gif;base64,R0lGODlhAQABAIAAAAAAAP///yH5BAEAAAAALAAAAAABAAEAAAIBRAA7"
"$218,500","4095 Valley Woods Ct, Douglasville, GA 30135",4,3,"1,658","data:image/gif;base64,R0lGODlhAQABAIAAAAAAAP///yH5BAEAAAAALAAAAAABAAEAAAIBRAA7"
"$254,487","7987 Dawson Ln, Douglasville, GA 30134",4,4,"2,279","data:image/gif;base64,R0lGODlhAQABAIAAAAAAAP///yH5BAEAAAAALAAAAAABAAEAAAIBRAA7"
"$228,000","6832 Cherry Cir, Lithia Springs, GA 30122",3,2,"2,208",N/A
"$86,000","2613 Mountain Brook Ct, Douglasville, GA 30135",3,2,"1,632",https://photos.zillowstatic.com/p_e/ISznwsdvuoqe2l1000000000.jpg
"$125,550","4257 Midway Rd, Douglasville, GA 30134",3,2,"1,521",https://photos.zillowstatic.com/p_e/ISfgxwsskh9g0h0000000000.jpg
"$164,000","3385 Huntington Ct, Douglasville, GA 30134",3,2,"1,638",https://photos.zillowstatic.com/p_e/ISvomqkdm9esia1000000000.jpg
"$230,000","1740 Brumby Cir, Lithia Springs, GA 30122",4,3,"2,275",https://photos.zillowstatic.com/p_e/IS3zrb7xx8urur0000000000.jpg
"$155,000","2995 Flowers Dr, Douglasville, GA 30135",3,2,"1,242",https://photos.zillowstatic.com/p_e/IS7q3qk1ja56qc0000000000.jpg
"$235,900","8479 Timberlane Dr, Douglasville, GA 30134",4,3,"2,352",https://photos.zillowstatic.com/p_e/ISbdc7j8vfibo71000000000.jpg
"$200,000","3046 Standing Rock Ct, Lithia Springs, GA 30122",3,3,"1,383",https://photos.zillowstatic.com/p_e/IS3naqpr8p41hq1000000000.jpg
"$16,500","6043 Locklear Way, Douglasville, GA",5,4,"3,132",https://photos.zillowstatic.com/p_e/IS33fk4k6j97wi0000000000.jpg
"$283,320","3188 Ancoats St, Douglasville, GA 30135",4,3,"2,388","data:image/gif;base64,R0lGODlhAQABAIAAAAAAAP///yH5BAEAAAAALAAAAAABAAEAAAIBRAA7"
"$288,000","802 Tupelo Way, Villa Rica, GA 30180",3,2,"2,237","data:image/gif;base64,R0lGODlhAQABAIAAAAAAAP///yH5BAEAAAAALAAAAAABAAEAAAIBRAA7"
"$95,000","3552 Meadowview Dr, Lithia Springs, GA 30122",2,2,"1,000",N/A
"$210,000","8429 Somerton Cir, Douglasville, GA 30134",5,4,"1,806","data:image/gif;base64,R0lGODlhAQABAIAAAAAAAP///yH5BAEAAAAALAAAAAABAAEAAAIBRAA7"
"$254,487","7987 Dawson Ln, Douglasville, GA 30134",4,4,"2,279","data:image/gif;base64,R0lGODlhAQABAIAAAAAAAP///yH5BAEAAAAALAAAAAABAAEAAAIBRAA7"
"$114,000","2309 Chestnut Log Dr, Lithia Springs, GA 30122",4,3,"1,254","data:image/gif;base64,R0lGODlhAQABAIAAAAAAAP///yH5BAEAAAAALAAAAAABAAEAAAIBRAA7"
"$241,000","3941 Broken Horn Ct, Douglasville, GA 30135",5,4,"2,658","data:image/gif;base64,R0lGODlhAQABAIAAAAAAAP///yH5BAEAAAAALAAAAAABAAEAAAIBRAA7"
"$337,000","3644 Springwell Ct, Douglasville, GA 30135",4,4,"4,116","data:image/gif;base64,R0lGODlhAQABAIAAAAAAAP///yH5BAEAAAAALAAAAAABAAEAAAIBRAA7"
"$239,000","1012 Landon Dr, Villa Rica, GA 30180",5,3,"2,726","data:image/gif;base64,R0lGODlhAQABAIAAAAAAAP///yH5BAEAAAAALAAAAAABAAEAAAIBRAA7"
"$100,300","5377 Central Church Rd, Douglasville, GA 30135",3,2,"1,228",N/A
"$555,906","2843 Warhorse Pl, Douglasville, GA 30135",5,2,"1,590",N/A
"$572,340","6555 Pine Knotch Dr, Douglasville, GA 30135",4,3,"2,096","data:image/gif;base64,R0lGODlhAQABAIAAAAAAAP///yH5BAEAAAAALAAAAAABAAEAAAIBRAA7"
"$555,906","9655 Poole Rd, Villa Rica, GA 30180",4,3,"1,298","data:image/gif;base64,R0lGODlhAQABAIAAAAAAAP///yH5BAEAAAAALAAAAAABAAEAAAIBRAA7"
"$42,500","Post Rd, Douglasville, GA 30135",--,--,--,N/A
"$42,500","6650 Post Rd, Douglasville, GA 30135",2,2,"1,814","data:image/gif;base64,R0lGODlhAQABAIAAAAAAAP///yH5BAEAAAAALAAAAAABAAEAAAIBRAA7"
"$157,000","6130 Pointer Way, Douglasville, GA 30135",4,3,"1,734","data:image/gif;base64,R0lGODlhAQABAIAAAAAAAP///yH5BAEAAAAALAAAAAABAAEAAAIBRAA7"
"$572,340","3855 Willow Holw, Douglasville, GA 30135",3,2,"1,519",N/A
"$555,906","2971 Oakmont Dr, Douglasville, GA 30135",3,2,"1,347",N/A
"$179,171","2412 Skyline Ridge Dr, Lithia Springs, GA 30122",3,2,"1,248","data:image/gif;base64,R0lGODlhAQABAIAAAAAAAP///yH5BAEAAAAALAAAAAABAAEAAAIBRAA7"
"$175,000","1205 Matt Moore Ct, Lithia Springs, GA 30122",3,3,"1,710","data:image/gif;base64,R0lGODlhAQABAIAAAAAAAP///yH5BAEAAAAALAAAAAABAAEAAAIBRAA7"
"$16,500","6044 Locklear Way, Douglasville, GA",5,5,"3,181","data:image/gif;base64,R0lGODlhAQABAIAAAAAAAP///yH5BAEAAAAALAAAAAABAAEAAAIBRAA7"
"$16,500","6024 Locklear Way, Douglasville, GA",5,4,"3,181","data:image/gif;base64,R0lGODlhAQABAIAAAAAAAP///yH5BAEAAAAALAAAAAABAAEAAAIBRAA7"
"$16,500","6034 Locklear Way, Douglasville, GA",5,4,"3,132","data:image/gif;base64,R0lGODlhAQABAIAAAAAAAP///yH5BAEAAAAALAAAAAABAAEAAAIBRAA7"
"$16,500","6123 Locklear Way, Douglasville, GA",5,5,"3,181","data:image/gif;base64,R0lGODlhAQABAIAAAAAAAP///yH5BAEAAAAALAAAAAABAAEAAAIBRAA7"
"$572,340","6389 Hillview Ln, Douglasville, GA 30134",3,2.5,"1,307","data:image/gif;base64,R0lGODlhAQABAIAAAAAAAP///yH5BAEAAAAALAAAAAABAAEAAAIBRAA7"
"$13,000","N County Line Rd, Lithia Springs, GA 30122",--,--,--,N/A
"$16,500","2625 Hamrick Rd, Douglasville, GA 30134",5,4,"3,181","data:image/gif;base64,R0lGODlhAQABAIAAAAAAAP///yH5BAEAAAAALAAAAAABAAEAAAIBRAA7"
"$175,000","3124 Freedom Ct, Douglasville, GA 30135",3,3,"1,616",N/A
"$264,000","7105 Secret Rose, Douglasville, GA 30134",4,3,"3,137","data:image/gif;base64,R0lGODlhAQABAIAAAAAAAP///yH5BAEAAAAALAAAAAABAAEAAAIBRAA7"
"$240,000","3179 Ashton Old Rd, Douglasville, GA 30135",3,3,"1,778",N/A
"$120,000","5936 S Bear Dr, Douglasville, GA 30135",3,2,"1,464","data:image/gif;base64,R0lGODlhAQABAIAAAAAAAP///yH5BAEAAAAALAAAAAABAAEAAAIBRAA7"
"$312,500","7336 Banks Mill Rd, Douglasville, GA 30135",3,2,"2,300",https://photos.zillowstatic.com/p_e/ISrh2bsoas522m0000000000.jpg
"$120,000","5936 S Bear Dr, Douglasville, GA 30135",3,2,"1,464",https://photos.zillowstatic.com/p_e/ISvkj5vbcpbwdj1000000000.jpg
"$270,000","4870 Ferncrest Pl, Douglasville, GA 30135",5,4,"4,148",https://photos.zillowstatic.com/p_e/ISvwgr37x2z30o1000000000.jpg
"$260,000","Cowan Mill Rd, Winston, GA 30187",--,--,--,N/A
"$340,000","5474 W Chapel Hill Rd, Douglasville, GA 30135",4,4,"3,483",https://photos.zillowstatic.com/p_e/ISrpotr0ipvvqq1000000000.jpg
"$260,000","6387 Cowan Mill Rd, Winston, GA 30187",5,3,"3,306",https://photos.zillowstatic.com/p_e/ISbtw1dlwibv650000000000.jpg
"$379,935","3189 Ancoats St, Douglasville, GA 30135",5,3,"2,760",https://photos.zillowstatic.com/p_e/ISrhec5p479n9q0000000000.jpg
"$241,256","9877 Ashton Old Rd, Douglasville, GA 30135",--,--,--,N/A
"$213,000","4388 Highland Cir, Douglasville, GA 30135",3,2,"2,030",https://photos.zillowstatic.com/p_e/ISnm34iometam91000000000.jpg
"$236,000","7035 Fletcher Dr, Winston, GA 30187",4,4,"2,958","data:image/gif;base64,R0lGODlhAQABAIAAAAAAAP///yH5BAEAAAAALAAAAAABAAEAAAIBRAA7"
"$151,125","6190 Jayma Ln, Douglasville, GA 30135",3,2,"1,963","data:image/gif;base64,R0lGODlhAQABAIAAAAAAAP///yH5BAEAAAAALAAAAAABAAEAAAIBRAA7"
"$179,000","3579 Vicki Ln, Douglasville, GA 30135",3,2,"1,321","data:image/gif;base64,R0lGODlhAQABAIAAAAAAAP///yH5BAEAAAAALAAAAAABAAEAAAIBRAA7"
"$218,500","4965 Rancho Ct, Winston, GA 30187",4,3,"1,975","data:image/gif;base64,R0lGODlhAQABAIAAAAAAAP///yH5BAEAAAAALAAAAAABAAEAAAIBRAA7"
"$128,500","6383 Cardiff Ln, Douglasville, GA 30134",4,4,"1,641","data:image/gif;base64,R0lGODlhAQABAIAAAAAAAP///yH5BAEAAAAALAAAAAABAAEAAAIBRAA7"
"$201,000","7105 Skippingstone Way, Douglasville, GA 30134",5,3,"3,518","data:image/gif;base64,R0lGODlhAQABAIAAAAAAAP///yH5BAEAAAAALAAAAAABAAEAAAIBRAA7"
"$29,600","Unassigned Address, Douglasville, GA 30134",--,--,--,N/A
"$265,990","7364 Stone Bluff Dr, Douglasville, GA 30134",4,3,"2,340","data:image/gif;base64,R0lGODlhAQABAIAAAAAAAP///yH5BAEAAAAALAAAAAABAAEAAAIBRAA7"
"$128,500","6383 Cardiff Ln #4, Douglasville, GA 30134",3,2.5,"1,641",N/A
"$376,922","9875 Ashton Old Rd, Douglasville, GA 30135",5,5,"3,433","data:image/gif;base64,R0lGODlhAQABAIAAAAAAAP///yH5BAEAAAAALAAAAAABAAEAAAIBRAA7"
"$152,000","5935 Sumter Dr, Douglasville, GA 30135",3,2,"1,326","data:image/gif;base64,R0lGODlhAQABAIAAAAAAAP///yH5BAEAAAAALAAAAAABAAEAAAIBRAA7"
"$235,000","3632 Stone Ridge Dr, Douglasville, GA 30134",4,3,"2,651","data:image/gif;base64,R0lGODlhAQABAIAAAAAAAP///yH5BAEAAAAALAAAAAABAAEAAAIBRAA7"
"$205,000","7095 Littlebrook Way, Douglasville, GA 30134",6,3,"2,675","data:image/gif;base64,R0lGODlhAQABAIAAAAAAAP///yH5BAEAAAAALAAAAAABAAEAAAIBRAA7"
"$335,000","5008 Watkins Ct, Winston, GA 30187",4,4,"2,747","data:image/gif;base64,R0lGODlhAQABAIAAAAAAAP///yH5BAEAAAAALAAAAAABAAEAAAIBRAA7"
"$185,000","3776 Chisel Ct, Douglasville, GA 30135",3,2,"1,772","data:image/gif;base64,R0lGODlhAQABAIAAAAAAAP///yH5BAEAAAAALAAAAAABAAEAAAIBRAA7"
"$185,000","4114 Yancey Rd, Douglasville, GA 30135",3,3,"2,075","data:image/gif;base64,R0lGODlhAQABAIAAAAAAAP///yH5BAEAAAAALAAAAAABAAEAAAIBRAA7"
"$211,000","8983 Dornoch Cir, Winston, GA 30187",3,3,"2,303","data:image/gif;base64,R0lGODlhAQABAIAAAAAAAP///yH5BAEAAAAALAAAAAABAAEAAAIBRAA7"
"$147,500","3659 Rogers Dr, Douglasville, GA 30134",3,2,"1,250","data:image/gif;base64,R0lGODlhAQABAIAAAAAAAP///yH5BAEAAAAALAAAAAABAAEAAAIBRAA7"
"$156,000","843 Wexford Dr, Douglasville, GA 30134",3,2,"1,784","data:image/gif;base64,R0lGODlhAQABAIAAAAAAAP///yH5BAEAAAAALAAAAAABAAEAAAIBRAA7"
"$212,500","8801 Nalley Rd, Villa Rica, GA 30180",3,2,"1,500","data:image/gif;base64,R0lGODlhAQABAIAAAAAAAP///yH5BAEAAAAALAAAAAABAAEAAAIBRAA7"
"$30,000","4280 Clare Ln, Lithia Springs, GA 30122",1.05,N/A,N/A,"data:image/gif;base64,R0lGODlhAQABAIAAAAAAAP///yH5BAEAAAAALAAAAAABAAEAAAIBRAA7"
"$229,990","7204 Brigidoon Rose, Douglasville, GA 30134",--,--,--,N/A
"$163,500","8495 Lynn Ave, Douglasville, GA 30134",3,2,"1,300","data:image/gif;base64,R0lGODlhAQABAIAAAAAAAP///yH5BAEAAAAALAAAAAABAAEAAAIBRAA7"
"$205,000","3175 Skyview Dr, Lithia Springs, GA 30122",3,2,"1,431","data:image/gif;base64,R0lGODlhAQABAIAAAAAAAP///yH5BAEAAAAALAAAAAABAAEAAAIBRAA7"
"$255,000","1017 Southwood Dr, Villa Rica, GA 30180",4,3,"2,350","data:image/gif;base64,R0lGODlhAQABAIAAAAAAAP///yH5BAEAAAAALAAAAAABAAEAAAIBRAA7"
"$439,900","5885 Double Birch, Douglasville, GA 30135",4,4,"3,140","data:image/gif;base64,R0lGODlhAQABAIAAAAAAAP///yH5BAEAAAAALAAAAAABAAEAAAIBRAA7"
"$342,500","5837 Wembley Dr, Douglasville, GA 30135",4,4,"3,894","data:image/gif;base64,R0lGODlhAQABAIAAAAAAAP///yH5BAEAAAAALAAAAAABAAEAAAIBRAA7"
"$90,945","3947 Wedgewood Dr, Douglasville, GA 30135",3,2,"1,569",N/A
"$165,000","4813 Old Briar Trl, Douglasville, GA 30135",3,2,"1,410","data:image/gif;base64,R0lGODlhAQABAIAAAAAAAP///yH5BAEAAAAALAAAAAABAAEAAAIBRAA7"
"$169,900","4299 Daniel Dr, Winston, GA 30187",4,2,"1,752","data:image/gif;base64,R0lGODlhAQABAIAAAAAAAP///yH5BAEAAAAALAAAAAABAAEAAAIBRAA7"
"$255,000","9921 Between The Grns Villa, Villa Rica, GA 30180",3,3,"2,081","data:image/gif;base64,R0lGODlhAQABAIAAAAAAAP///yH5BAEAAAAALAAAAAABAAEAAAIBRAA7"
"$249,000","6581 Bluffview Dr, Douglasville, GA 30134",3,3,"2,176",https://photos.zillowstatic.com/p_e/ISf0lkqfij9ue90000000000.jpg
"$135,000","6160 Hillpine Dr, Douglasville, GA 30135",3,2,"1,365",https://photos.zillowstatic.com/p_e/ISnaat8zb2vs0y0000000000.jpg
"$52,000","5364 Kings Hwy, Douglasville, GA 30135",4,3,"2,741",N/A
"$52,000","5505 5505a Punkintown Rd, Douglasville, GA 30135",5.26,N/A,N/A,https://photos.zillowstatic.com/p_e/ISb17zr50btzac1000000000.jpg
"$150,000","6052 Lyndale St, Douglasville, GA 30135",3,1.5,"1,448",N/A
"$52,000","Punkintown Rd, Douglasville, GA 30135",--,--,--,N/A
"$52,000","Punkintown Rd, Douglasville, GA 30135",--,--,--,N/A
"$198,000","6866 Kingsboro Dr, Lithia Springs, GA 30122",1,1,"1,744",https://photos.zillowstatic.com/p_e/IS97pr82ixgalf.jpg
"$215,000","1037 S Creek Dr, Villa Rica, GA 30180",4,2,"2,586",https://photos.zillowstatic.com/p_e/ISrpgn55fkf9pi1000000000.jpg
"$170,000","2599 Plantation Way, Douglasville, GA 30135",3,3,"1,315","data:image/gif;base64,R0lGODlhAQABAIAAAAAAAP///yH5BAEAAAAALAAAAAABAAEAAAIBRAA7"
"$201,900","5504 Somer Ridge Ct, Douglasville, GA 30134",3,2,"1,881",N/A
"$198,000","7459 Hiawatha Dr, Douglasville, GA 30134",3,2,"1,744","data:image/gif;base64,R0lGODlhAQABAIAAAAAAAP///yH5BAEAAAAALAAAAAABAAEAAAIBRAA7"
"$237,000","4203 Sitka Dr, Douglasville, GA 30135",5,3,"3,056","data:image/gif;base64,R0lGODlhAQABAIAAAAAAAP///yH5BAEAAAAALAAAAAABAAEAAAIBRAA7"
"$160,000","6308 Valhalla Dr, Douglasville, GA 30135",3,2,"1,104","data:image/gif;base64,R0lGODlhAQABAIAAAAAAAP///yH5BAEAAAAALAAAAAABAAEAAAIBRAA7"
"$237,000","7536 Mason Falls Dr, Winston, GA 30187",4,3,"2,396","data:image/gif;base64,R0lGODlhAQABAIAAAAAAAP///yH5BAEAAAAALAAAAAABAAEAAAIBRAA7"
"$96,700","5795 N Bear Dr, Douglasville, GA 30135",3,1.5,"1,104",N/A
"$380,452","3203 Ancoats St, Douglasville, GA 30135",5,3,"3,003","data:image/gif;base64,R0lGODlhAQABAIAAAAAAAP///yH5BAEAAAAALAAAAAABAAEAAAIBRAA7"
"$181,000","6045 Matthew Ln, Douglasville, GA 30135",3,2,"1,404","data:image/gif;base64,R0lGODlhAQABAIAAAAAAAP///yH5BAEAAAAALAAAAAABAAEAAAIBRAA7"
"$12,000","6229 Hedgestone Way, Douglasville, GA 30135",1,N/A,N/A,"data:image/gif;base64,R0lGODlhAQABAIAAAAAAAP///yH5BAEAAAAALAAAAAABAAEAAAIBRAA7"
"$232,000","5519 Dorsett Shoals Rd, Douglasville, GA 30135",4,3,"3,839","data:image/gif;base64,R0lGODlhAQABAIAAAAAAAP///yH5BAEAAAAALAAAAAABAAEAAAIBRAA7"
"$60,000","840 Linda Ln, Lithia Springs, GA 30122",2,1,961,N/A
"$154,900","1705 Liberty Trl, Lithia Springs, GA 30122",4,2,"1,182",N/A
"$234,990","7201 Brigidoon Rose, Douglasville, GA 30134",--,--,--,N/A
"$129,000","8021 Fieldstone Ct, Douglasville, GA 30134",3,2,"1,272","data:image/gif;base64,R0lGODlhAQABAIAAAAAAAP///yH5BAEAAAAALAAAAAABAAEAAAIBRAA7"
"$100,000","7009 Strickland St, Douglasville, GA 30134",2,1.5,"2,186",N/A
"$258,234","9922 Mancunian Way E, Douglasville, GA 30135",4,4,"2,496","data:image/gif;base64,R0lGODlhAQABAIAAAAAAAP///yH5BAEAAAAALAAAAAABAAEAAAIBRAA7"
"$200,000","4343 Highland Cir, Douglasville, GA 30135",3,2,"1,507",N/A
"$152,500","3921 Bentley Dr, Douglasville, GA 30135",4,2,"1,220","data:image/gif;base64,R0lGODlhAQABAIAAAAAAAP///yH5BAEAAAAALAAAAAABAAEAAAIBRAA7"
"$145,000","4504 Merlin Cir, Douglasville, GA 30134",3,2,"1,104","data:image/gif;base64,R0lGODlhAQABAIAAAAAAAP///yH5BAEAAAAALAAAAAABAAEAAAIBRAA7"
"$211,000","6325 Ridge Way, Douglasville, GA 30135",5,3,"2,893","data:image/gif;base64,R0lGODlhAQABAIAAAAAAAP///yH5BAEAAAAALAAAAAABAAEAAAIBRAA7"
"$204,500","5933 Tonya Ln, Douglasville, GA 30135",4,3,"2,760","data:image/gif;base64,R0lGODlhAQABAIAAAAAAAP///yH5BAEAAAAALAAAAAABAAEAAAIBRAA7"
"$602,720","4360 Bronte Ln, Douglasville, GA 30135",7,6,"6,343","data:image/gif;base64,R0lGODlhAQABAIAAAAAAAP///yH5BAEAAAAALAAAAAABAAEAAAIBRAA7"
"$349,900","7686 Hannah Rd, Winston, GA 30187",3,3,"2,212","data:image/gif;base64,R0lGODlhAQABAIAAAAAAAP///yH5BAEAAAAALAAAAAABAAEAAAIBRAA7"
"$185,500","2341 Flowerdale Ct, Douglasville, GA 30135",--,2.5,"3,075",N/A
"$216,500","1001 Mcduffie Cir, Douglasville, GA 30134",4,2,"1,819","data:image/gif;base64,R0lGODlhAQABAIAAAAAAAP///yH5BAEAAAAALAAAAAABAAEAAAIBRAA7"
"$190,000","5512 Somer Ridge Ct, Douglasville, GA 30134",4,3,"2,106","data:image/gif;base64,R0lGODlhAQABAIAAAAAAAP///yH5BAEAAAAALAAAAAABAAEAAAIBRAA7"
"$208,000","2683 Mariner Way, Villa Rica, GA 30180",3,3,"2,214","data:image/gif;base64,R0lGODlhAQABAIAAAAAAAP///yH5BAEAAAAALAAAAAABAAEAAAIBRAA7"
"$163,500","6689 Knollwood Cir, Douglasville, GA 30135",3,3,"1,732","data:image/gif;base64,R0lGODlhAQABAIAAAAAAAP///yH5BAEAAAAALAAAAAABAAEAAAIBRAA7"
"$259,000","3133 Skyview Dr, Lithia Springs, GA 30122",4,4,"2,418","data:image/gif;base64,R0lGODlhAQABAIAAAAAAAP///yH5BAEAAAAALAAAAAABAAEAAAIBRAA7"
"$259,900","3313 Skyview Dr, Lithia Springs, GA 30122",4,4,"3,266","data:image/gif;base64,R0lGODlhAQABAIAAAAAAAP///yH5BAEAAAAALAAAAAABAAEAAAIBRAA7"
"$190,000","5512 Somer Ridge Ct, Douglasville, GA 30134",4,3,"2,106",https://photos.zillowstatic.com/p_e/ISrxiytn7qnshn0000000000.jpg
"$216,500","1001 Mcduffie Cir, Douglasville, GA 30134",4,2,"1,819",https://photos.zillowstatic.com/p_e/ISfonu2y22693l1000000000.jpg
"$120,000","2383 Old Lee Rd, Lithia Springs, GA 30122",1,2,912,N/A
"$205,000","5071 Highway 5, Douglasville, GA 30135",3,2,"1,762",https://photos.zillowstatic.com/p_e/ISjn5bc080cyg50000000000.jpg
"$171,000","4419 White Rd, Douglasville, GA 30135",3,2,"1,382",https://photos.zillowstatic.com/p_e/ISn28a60jr0qu20000000000.jpg
"$100,000","7009 W Strickland St, Douglasville, GA 30134",2,2,"2,186",https://photos.zillowstatic.com/p_e/IS76cz5892xtjr1000000000.jpg
"$375,000","3800 Due West Rd, Douglasville, GA 30134",--,--,--,https://photos.zillowstatic.com/p_e/IS-19z4c5c9yyw65.jpg
"$244,500","7765 Ponderosa Trce, Winston, GA 30187",4,3,"2,750",https://photos.zillowstatic.com/p_e/ISb1fxv9zd1vu71000000000.jpg
"$515,000","5666 Chapel Hill Rd, Douglasville, GA 30135",5,4,"4,264",https://photos.zillowstatic.com/p_e/ISzrbjz2vg5ew90000000000.jpg
"$206,000","4042 Staghorn Ct, Douglasville, GA 30135",4,3,"2,721","data:image/gif;base64,R0lGODlhAQABAIAAAAAAAP///yH5BAEAAAAALAAAAAABAAEAAAIBRAA7"
"$50,000","11621 Veterans Memorial Hwy, Douglasville, GA 30134",2,1,"1,215",N/A
"$195,000","1115 Corkscrew Way, Villa Rica, GA 30180",4,3,"2,413","data:image/gif;base64,R0lGODlhAQABAIAAAAAAAP///yH5BAEAAAAALAAAAAABAAEAAAIBRAA7"
"$118,000","6419 Katherine St, Douglasville, GA 30134",3,2,"1,714","data:image/gif;base64,R0lGODlhAQABAIAAAAAAAP///yH5BAEAAAAALAAAAAABAAEAAAIBRAA7"
"$439,900","8040 Tristan Way, Whitesburg, GA 30185",4,4,"3,200","data:image/gif;base64,R0lGODlhAQABAIAAAAAAAP///yH5BAEAAAAALAAAAAABAAEAAAIBRAA7"
"$31,000","8721 Saint Andrews Pkwy, Winston, GA 30187",--,--,--,N/A
"$215,000","3935 Nixon Grove Dr, Douglasville, GA 30135",4,3,"2,091","data:image/gif;base64,R0lGODlhAQABAIAAAAAAAP///yH5BAEAAAAALAAAAAABAAEAAAIBRAA7"
"$321,000","39 Amberlee Ct, Douglasville, GA 30134",5,5,"3,717","data:image/gif;base64,R0lGODlhAQABAIAAAAAAAP///yH5BAEAAAAALAAAAAABAAEAAAIBRAA7"
"$95,000","3560 Bright Star Rd, Douglasville, GA 30135",2,1,"1,344","data:image/gif;base64,R0lGODlhAQABAIAAAAAAAP///yH5BAEAAAAALAAAAAABAAEAAAIBRAA7"
"$365,000","6235 Hedgestone Way, Douglasville, GA 30135",4,4,"3,145","data:image/gif;base64,R0lGODlhAQABAIAAAAAAAP///yH5BAEAAAAALAAAAAABAAEAAAIBRAA7"
"$285,500","4601 Smokestone Dr, Douglasville, GA 30135",3,3,"2,650","data:image/gif;base64,R0lGODlhAQABAIAAAAAAAP///yH5BAEAAAAALAAAAAABAAEAAAIBRAA7"
"$217,000","3598 Stone Ridge Dr, Douglasville, GA 30134",3,2,"1,939","data:image/gif;base64,R0lGODlhAQABAIAAAAAAAP///yH5BAEAAAAALAAAAAABAAEAAAIBRAA7"
"$25,000","8046 Richardson Rd, Winston, GA 30187",2,1,744,N/A
"$175,000","3688 Sullivan Dr, Douglasville, GA 30135",4,3,"2,352","data:image/gif;base64,R0lGODlhAQABAIAAAAAAAP///yH5BAEAAAAALAAAAAABAAEAAAIBRAA7"
"$170,000","2666 Del Ridge Dr, Douglasville, GA 30135",3,2,"1,663","data:image/gif;base64,R0lGODlhAQABAIAAAAAAAP///yH5BAEAAAAALAAAAAABAAEAAAIBRAA7"
"$205,000","6791 Fairways Dr, Douglasville, GA 30134",5,3.5,"2,160","data:image/gif;base64,R0lGODlhAQABAIAAAAAAAP///yH5BAEAAAAALAAAAAABAAEAAAIBRAA7"
"$220,000","4071 Robindale Dr, Douglasville, GA 30135",4,3,"1,952","data:image/gif;base64,R0lGODlhAQABAIAAAAAAAP///yH5BAEAAAAALAAAAAABAAEAAAIBRAA7"
"$196,000","810 Walkingstick Dr, Douglasville, GA 30134",6,3,"2,665","data:image/gif;base64,R0lGODlhAQABAIAAAAAAAP///yH5BAEAAAAALAAAAAABAAEAAAIBRAA7"
"$278,000","8001 Sandpoint Pl, Lithia Springs, GA 30122",4,4,"4,261","data:image/gif;base64,R0lGODlhAQABAIAAAAAAAP///yH5BAEAAAAALAAAAAABAAEAAAIBRAA7"
"$168,900","2552 Winding Creek Dr, Lithia Springs, GA 30122",3,2,"1,196","data:image/gif;base64,R0lGODlhAQABAIAAAAAAAP///yH5BAEAAAAALAAAAAABAAEAAAIBRAA7"
"$120,000","6905 W Strickland St, Douglasville, GA 30134",3,3,"2,728","data:image/gif;base64,R0lGODlhAQABAIAAAAAAAP///yH5BAEAAAAALAAAAAABAAEAAAIBRAA7"
"$239,000","4722 Moccasin Ct, Douglasville, GA 30135",4,3,"2,410","data:image/gif;base64,R0lGODlhAQABAIAAAAAAAP///yH5BAEAAAAALAAAAAABAAEAAAIBRAA7"
"$229,900","3775 Georgia Dr, Douglasville, GA 30135",25,25,"4,500","data:image/gif;base64,R0lGODlhAQABAIAAAAAAAP///yH5BAEAAAAALAAAAAABAAEAAAIBRAA7"
"$335,000","4335 Rosestone Ct, Douglasville, GA 30135",5,5,"3,024","data:image/gif;base64,R0lGODlhAQABAIAAAAAAAP///yH5BAEAAAAALAAAAAABAAEAAAIBRAA7"
"$257,562","3130 Anneewakee Falls Pkwy, Douglasville, GA 30135",4,3,"1,900","data:image/gif;base64,R0lGODlhAQABAIAAAAAAAP///yH5BAEAAAAALAAAAAABAAEAAAIBRAA7"
"$227,500","3495 Heatherwood Ct, Douglasville, GA 30135",3,3,"1,752","data:image/gif;base64,R0lGODlhAQABAIAAAAAAAP///yH5BAEAAAAALAAAAAABAAEAAAIBRAA7"
"$160,000","5440 S Lake Dr, Douglasville, GA 30135",5,3,"4,430",N/A
"$257,000","3934 Birdie Dr, Douglasville, GA 30134",4,3,"2,479","data:image/gif;base64,R0lGODlhAQABAIAAAAAAAP///yH5BAEAAAAALAAAAAABAAEAAAIBRAA7"
"$10,500","Lake Valley Way, Douglasville, GA 30135",--,--,--,N/A
"$180,000","4242 Midway Rd, Douglasville, GA 30134",4,2,"1,584","data:image/gif;base64,R0lGODlhAQABAIAAAAAAAP///yH5BAEAAAAALAAAAAABAAEAAAIBRAA7"
"$134,000","1809 Oriole Trl, Lithia Springs, GA 30122",3,2,"1,176","data:image/gif;base64,R0lGODlhAQABAIAAAAAAAP///yH5BAEAAAAALAAAAAABAAEAAAIBRAA7"
"$134,000","1809 Oriole Trl, Lithia Springs, GA 30122",3,2,"1,176",https://photos.zillowstatic.com/p_e/ISrx22aah7kxgf1000000000.jpg
"$290,000","3230 W County Line Rd, Douglasville, GA 30135",3,3,"1,255",https://photos.zillowstatic.com/p_e/ISj7daky87a0aa1000000000.jpg
"$249,900","970 Forest Knoll Ct, Lithia Springs, GA 30122",4,3,"2,916",https://photos.zillowstatic.com/p_e/IS33f092050h351000000000.jpg
"$10,500","Lake Valley Way, Douglasville, GA 30135",--,--,--,N/A
"$339,400","8580 Renee Ct, Whitesburg, GA 30185",4,4,"3,051",https://photos.zillowstatic.com/p_e/ISjnpat0i0aga21000000000.jpg
"$149,900","6142 Douglas Manor Ct, Douglasville, GA 30134",3,2,"1,516",https://photos.zillowstatic.com/p_e/ISnq6d2an65zno1000000000.jpg
"$252,500","6976 Pinecrest Dr, Douglasville, GA 30134",3,2,"1,831",https://photos.zillowstatic.com/p_e/IS3jnlnv898cbg0000000000.jpg
"$193,000","1725 Stockmar Rd, Villa Rica, GA 30180",--,--,--,N/A
"$193,000","1725 Stockmar Rd, Villa Rica, GA 30180",3,2,"1,651",https://photos.zillowstatic.com/p_e/ISvknosd8i1h1d1000000000.jpg
"$203,000","5830 Tonya Ln, Douglasville, GA 30135",4,3,"2,476","data:image/gif;base64,R0lGODlhAQABAIAAAAAAAP///yH5BAEAAAAALAAAAAABAAEAAAIBRAA7"
"$189,000","4014 Cheoah Dr, Douglasville, GA 30135",3,2,"1,507","data:image/gif;base64,R0lGODlhAQABAIAAAAAAAP///yH5BAEAAAAALAAAAAABAAEAAAIBRAA7"
"$61,300","8681 Ephesus Church Rd, Villa Rica, GA 30180",3,1,"1,434","data:image/gif;base64,R0lGODlhAQABAIAAAAAAAP///yH5BAEAAAAALAAAAAABAAEAAAIBRAA7"
"$150,000","3694 Glenbrook Dr, Douglasville, GA 30135",3,2,"1,596",N/A
"$175,000","2128 Stoneview Dr, Lithia Springs, GA 30122",3,3,"1,452","data:image/gif;base64,R0lGODlhAQABAIAAAAAAAP///yH5BAEAAAAALAAAAAABAAEAAAIBRAA7"
"$172,400","1175 Huey Rd, Douglasville, GA 30134",3,3,"1,744","data:image/gif;base64,R0lGODlhAQABAIAAAAAAAP///yH5BAEAAAAALAAAAAABAAEAAAIBRAA7"
"$108,000","2024 Brannon Way, Lithia Springs, GA 30122",4,3,"2,040","data:image/gif;base64,R0lGODlhAQABAIAAAAAAAP///yH5BAEAAAAALAAAAAABAAEAAAIBRAA7"
"$140,400","4961 Central Church Rd, Douglasville, GA 30135",3,2,"1,125","data:image/gif;base64,R0lGODlhAQABAIAAAAAAAP///yH5BAEAAAAALAAAAAABAAEAAAIBRAA7"
"$155,000","4930 Bald Eagle Way, Douglasville, GA 30135",4,2.5,"2,508",N/A
"$337,000","9992 Devonshire St, Douglasville, GA 30135",4,3,"2,843","data:image/gif;base64,R0lGODlhAQABAIAAAAAAAP///yH5BAEAAAAALAAAAAABAAEAAAIBRAA7"
"$124,000","6557 Snowbird Ln, Douglasville, GA 30134",5,2.5,"1,552",N/A
"$344,000","5287 Clingman Ct, Douglasville, GA 30135",5,4,"4,144","data:image/gif;base64,R0lGODlhAQABAIAAAAAAAP///yH5BAEAAAAALAAAAAABAAEAAAIBRAA7"
"$177,000","3420 Cascade Trl, Villa Rica, GA 30180",4,3,"1,148","data:image/gif;base64,R0lGODlhAQABAIAAAAAAAP///yH5BAEAAAAALAAAAAABAAEAAAIBRAA7"
"$315,000","1109 Charter Oak Ct, Villa Rica, GA 30180",5,4,"3,800","data:image/gif;base64,R0lGODlhAQABAIAAAAAAAP///yH5BAEAAAAALAAAAAABAAEAAAIBRAA7"
"$450,000","1053 Lake Pointe, Villa Rica, GA 30180",6,6,"5,442","data:image/gif;base64,R0lGODlhAQABAIAAAAAAAP///yH5BAEAAAAALAAAAAABAAEAAAIBRAA7"
"$399,900","7331 River Walk Dr, Douglasville, GA 30135",4,4,"3,500","data:image/gif;base64,R0lGODlhAQABAIAAAAAAAP///yH5BAEAAAAALAAAAAABAAEAAAIBRAA7"
"$242,000","2732 War Emblem Pl, Douglasville, GA 30135",4,3,"3,073","data:image/gif;base64,R0lGODlhAQABAIAAAAAAAP///yH5BAEAAAAALAAAAAABAAEAAAIBRAA7"
"$340,000","8350 Nolandwood Ln, Villa Rica, GA 30180",4,3,"3,646","data:image/gif;base64,R0lGODlhAQABAIAAAAAAAP///yH5BAEAAAAALAAAAAABAAEAAAIBRAA7"
"$150,000","685 W Spring Dr, Douglasville, GA 30134",3,2,"1,584","data:image/gif;base64,R0lGODlhAQABAIAAAAAAAP///yH5BAEAAAAALAAAAAABAAEAAAIBRAA7"
"$32,000","1946 S Flat Rock Rd, Douglasville, GA 30134",3,2,"1,248","data:image/gif;base64,R0lGODlhAQABAIAAAAAAAP///yH5BAEAAAAALAAAAAABAAEAAAIBRAA7"
"$240,000","5157 Eastbrook Rd, Douglasville, GA 30135",5,3,"1,502","data:image/gif;base64,R0lGODlhAQABAIAAAAAAAP///yH5BAEAAAAALAAAAAABAAEAAAIBRAA7"
"$82,000","3846 Canterbury Walk, Douglasville, GA 30135",3,1.5,"1,150",N/A
"$460,000","4633 Rabun Dr, Douglasville, GA 30135",5,6,"4,189","data:image/gif;base64,R0lGODlhAQABAIAAAAAAAP///yH5BAEAAAAALAAAAAABAAEAAAIBRAA7"
"$191,000","3441 Swan Dr, Douglasville, GA 30134",4,3,"1,946","data:image/gif;base64,R0lGODlhAQABAIAAAAAAAP///yH5BAEAAAAALAAAAAABAAEAAAIBRAA7"
"$24,000","7202 Corn Crib Loop N, Douglasville, GA 30134",--,2,--,N/A
"$178,900","5742 Wenona St, Douglasville, GA 30135",3,2,"1,556","data:image/gif;base64,R0lGODlhAQABAIAAAAAAAP///yH5BAEAAAAALAAAAAABAAEAAAIBRAA7"
"$305,000","9152 Dover St, Lithia Springs, GA 30122",5,3,"3,482","data:image/gif;base64,R0lGODlhAQABAIAAAAAAAP///yH5BAEAAAAALAAAAAABAAEAAAIBRAA7"
"$235,900","2635 Arlington Ct, Lithia Springs, GA 30122",3,3,"2,252","data:image/gif;base64,R0lGODlhAQABAIAAAAAAAP///yH5BAEAAAAALAAAAAABAAEAAAIBRAA7"
"$105,150","3017 Mill Trce, Douglasville, GA 30135",3,2,"1,180","data:image/gif;base64,R0lGODlhAQABAIAAAAAAAP///yH5BAEAAAAALAAAAAABAAEAAAIBRAA7"
"$396,990","3227 Ancoats St, Douglasville, GA 30135",5,5,"3,433","data:image/gif;base64,R0lGODlhAQABAIAAAAAAAP///yH5BAEAAAAALAAAAAABAAEAAAIBRAA7"
"$130,000","8810 Campbellton St, Douglasville, GA 30134",3,2.5,"1,745","data:image/gif;base64,R0lGODlhAQABAIAAAAAAAP///yH5BAEAAAAALAAAAAABAAEAAAIBRAA7"
"$185,000","6209 Shallowford Way, Douglasville, GA 30135",3,2,"1,800",https://photos.zillowstatic.com/p_e/IS72tlbv7riunm0000000000.jpg
"$164,900","6020 Ridge Way, Douglasville, GA 30135",3,2,"1,574",https://photos.zillowstatic.com/p_e/IS3333r05qcinl0000000000.jpg
"$360,000","303 Haven Cir, Douglasville, GA 30135",3,3,--,N/A
"$82,500","1346 Mcintosh Rd #A, Douglasville, GA 30134",3,2,"1,000",https://photos.zillowstatic.com/p_e/ISizq3yo946erw0000000000.jpg
"$67,362","0 Berea Rd, Winston, GA 30187",7.04,N/A,N/A,https://photos.zillowstatic.com/p_e/IS7an2rge8jg7k1000000000.jpg
"$200,000","2695 Abby Brooke, Douglasville, GA 30135",4,3,"1,488",https://photos.zillowstatic.com/p_e/ISv0c2wl40eano0000000000.jpg
"$200,000","2695 Abby Brks, Douglasville, GA 30135",4,3,"1,488",https://photos.zillowstatic.com/p_e/IS37uuh64zr9mg1000000000.jpg
"$228,000","8090 Bouldercrest Pl, Douglasville, GA 30135",3,3,"3,033",https://photos.zillowstatic.com/p_e/ISphqht8kdg6yh0000000000.jpg
"$92,500","3995 Willowbrook Dr, Douglasville, GA 30135",3,2,"1,176",N/A
"$338,000","4524 Mill Water Xing, Douglasville, GA 30135",5,4,"3,150","data:image/gif;base64,R0lGODlhAQABAIAAAAAAAP///yH5BAEAAAAALAAAAAABAAEAAAIBRAA7"
"$251,579","5796 Larch Ln, Douglasville, GA 30135",6,5,"5,181","data:image/gif;base64,R0lGODlhAQABAIAAAAAAAP///yH5BAEAAAAALAAAAAABAAEAAAIBRAA7"
"$357,615","3298 Darby Dr, Douglasville, GA 30135",--,--,--,N/A
"$198,000","3736 Winding Trail Ct, Douglasville, GA 30135",4,3,"1,750","data:image/gif;base64,R0lGODlhAQABAIAAAAAAAP///yH5BAEAAAAALAAAAAABAAEAAAIBRAA7"
"$239,000","3883 Drifting Quill, Douglasville, GA 30135",4,4,"3,261","data:image/gif;base64,R0lGODlhAQABAIAAAAAAAP///yH5BAEAAAAALAAAAAABAAEAAAIBRAA7"
"$350,000","3305 Lake Valley Way, Douglasville, GA 30135",5,3.5,"3,152","data:image/gif;base64,R0lGODlhAQABAIAAAAAAAP///yH5BAEAAAAALAAAAAABAAEAAAIBRAA7"
"$82,500","1346 Mcintosh Rd, Douglasville, GA 30134",3,1,"1,629","data:image/gif;base64,R0lGODlhAQABAIAAAAAAAP///yH5BAEAAAAALAAAAAABAAEAAAIBRAA7"
"$135,000","3221 Laura Ln, Lithia Springs, GA 30122",3,2,"1,583","data:image/gif;base64,R0lGODlhAQABAIAAAAAAAP///yH5BAEAAAAALAAAAAABAAEAAAIBRAA7"
"$261,000","4009 Lakeland Hills Dr, Douglasville, GA 30134",3,4,"3,010","data:image/gif;base64,R0lGODlhAQABAIAAAAAAAP///yH5BAEAAAAALAAAAAABAAEAAAIBRAA7"
"$230,000","1005 Southwood Dr, Villa Rica, GA 30180",4,2,"2,721","data:image/gif;base64,R0lGODlhAQABAIAAAAAAAP///yH5BAEAAAAALAAAAAABAAEAAAIBRAA7"
"$313,292","857 Everleigh Ct, Lithia Springs, GA 30122",5,5,"3,304","data:image/gif;base64,R0lGODlhAQABAIAAAAAAAP///yH5BAEAAAAALAAAAAABAAEAAAIBRAA7"
"$232,672","7977 Dawson Ln, Douglasville, GA 30134",3,3,"1,847","data:image/gif;base64,R0lGODlhAQABAIAAAAAAAP///yH5BAEAAAAALAAAAAABAAEAAAIBRAA7"
"$386,883","3195 Ancoats St, Douglasville, GA 30135",5,3,"3,003",N/A
"$325,000","1621 Chancery Ln, Lithia Springs, GA 30122",6,5,"3,450","data:image/gif;base64,R0lGODlhAQABAIAAAAAAAP///yH5BAEAAAAALAAAAAABAAEAAAIBRAA7"
"$216,990","4006 Edgewater Ct, Villa Rica, GA 30180",--,--,--,N/A
"$234,990","7200 Brigidoon Rose, Douglasville, GA 30134",3,3,"2,204","data:image/gif;base64,R0lGODlhAQABAIAAAAAAAP///yH5BAEAAAAALAAAAAABAAEAAAIBRAA7"
"$227,000","4007 Edgewater, Villa Rica, GA 30180",--,--,--,N/A
"$216,990","4006 Edge Water Ct #27, Villa Rica, GA 30180",4,3,--,"data:image/gif;base64,R0lGODlhAQABAIAAAAAAAP///yH5BAEAAAAALAAAAAABAAEAAAIBRAA7"
"$275,000","3005 Gold Creek Dr, Villa Rica, GA 30180",5,5,"4,154","data:image/gif;base64,R0lGODlhAQABAIAAAAAAAP///yH5BAEAAAAALAAAAAABAAEAAAIBRAA7"
"$313,292","857 Everleigh Ct #35, Lithia Springs, GA 30122",5,5,"3,304","data:image/gif;base64,R0lGODlhAQABAIAAAAAAAP///yH5BAEAAAAALAAAAAABAAEAAAIBRAA7"
"$165,000","1388 Cave Springs Rd, Douglasville, GA 30134",4,2,"1,380","data:image/gif;base64,R0lGODlhAQABAIAAAAAAAP///yH5BAEAAAAALAAAAAABAAEAAAIBRAA7"
"$360,000","204 Haven Cir, Douglasville, GA 30135",--,3,"2,639",N/A
"$379,271","3191 Ancoats St, Douglasville, GA 30135",5,3,"2,672","data:image/gif;base64,R0lGODlhAQABAIAAAAAAAP///yH5BAEAAAAALAAAAAABAAEAAAIBRAA7"
"$260,000","7366 Stone Bluff Dr, Douglasville, GA 30134",4,3,"2,180","data:image/gif;base64,R0lGODlhAQABAIAAAAAAAP///yH5BAEAAAAALAAAAAABAAEAAAIBRAA7"
"$295,000","3302 Bellingham Way, Lithia Springs, GA 30122",5,4,"3,021","data:image/gif;base64,R0lGODlhAQABAIAAAAAAAP///yH5BAEAAAAALAAAAAABAAEAAAIBRAA7"
"$234,990","7218 Brigidoon Rose, Douglasville, GA 30134",3,3,"2,207","data:image/gif;base64,R0lGODlhAQABAIAAAAAAAP///yH5BAEAAAAALAAAAAABAAEAAAIBRAA7"
"$330,103","3675 Brookhollow Dr, Douglasville, GA 30135",6,5,"3,963","data:image/gif;base64,R0lGODlhAQABAIAAAAAAAP///yH5BAEAAAAALAAAAAABAAEAAAIBRAA7"
"$380,572","3192 Brantingham Rd, Douglasville, GA 30135",4,3,"2,804",N/A
"$149,900","2676 Timber Valley Dr, Douglasville, GA 30135",3,2,"1,517","data:image/gif;base64,R0lGODlhAQABAIAAAAAAAP///yH5BAEAAAAALAAAAAABAAEAAAIBRAA7"
"$274,000","9116 Saddlebrook Way, Douglasville, GA 30135",4,5,"3,284","data:image/gif;base64,R0lGODlhAQABAIAAAAAAAP///yH5BAEAAAAALAAAAAABAAEAAAIBRAA7"
"$253,000","3513 Aberdeen Way, Douglasville, GA 30135",4,3,"2,900","data:image/gif;base64,R0lGODlhAQABAIAAAAAAAP///yH5BAEAAAAALAAAAAABAAEAAAIBRAA7"
"$197,000","3290 Riley Rd, Douglasville, GA 30134",6,3,"2,150",https://photos.zillowstatic.com/p_e/IS7azfptlwbqpv0000000000.jpg
"$375,000","7524 Highway 166, Douglasville, GA 30135",5,4,"2,900",https://photos.zillowstatic.com/p_e/ISnio5quij4uqr1000000000.jpg
"$216,000","8216 Cherokee Blvd, Douglasville, GA 30134",3,3,"2,018",https://photos.zillowstatic.com/p_e/IS3fkg2wfqw0131000000000.jpg
"$258,000","3143 Primrose St, Douglasville, GA 30135",3,3,"2,079",https://photos.zillowstatic.com/p_e/ISjjqc89q0uzlz0000000000.jpg
"$222,130","7210 Brigidoon Rose, Douglasville, GA 30134",--,--,--,N/A
"$185,000","3226 Plymouth Rock Dr, Douglasville, GA 30135",3,2,"1,610",https://photos.zillowstatic.com/p_e/IS3rd3x5ebjcvq1000000000.jpg
"$260,000","9030 Keaton Creek Dr, Villa Rica, GA 30180",4,3,"2,478",https://photos.zillowstatic.com/p_e/ISj7pf47xdd9280000000000.jpg
"$183,900","4096 Yeager Rd, Douglasville, GA 30135",4,3,"2,268",https://photos.zillowstatic.com/p_e/ISjvv4fxrlnbd51000000000.jpg
"$190,000","5698 Tyree Rd, Winston, GA 30187",4,3,"1,700",https://photos.zillowstatic.com/p_e/IS3b1zo9jqrbba0000000000.jpg
"$275,000","3054 Running River Ct, Douglasville, GA 30135",5,4,"3,124","data:image/gif;base64,R0lGODlhAQABAIAAAAAAAP///yH5BAEAAAAALAAAAAABAAEAAAIBRAA7"
"$199,000","4409 Tillage Path, Douglasville, GA 30135",3,3,"2,634","data:image/gif;base64,R0lGODlhAQABAIAAAAAAAP///yH5BAEAAAAALAAAAAABAAEAAAIBRAA7"
"$207,000","2407 Napa Valley Dr, Villa Rica, GA 30180",4,3,"2,566","data:image/gif;base64,R0lGODlhAQABAIAAAAAAAP///yH5BAEAAAAALAAAAAABAAEAAAIBRAA7"
"$177,500","3131 Jessica Dr, Douglasville, GA 30135",3,2,"1,863","data:image/gif;base64,R0lGODlhAQABAIAAAAAAAP///yH5BAEAAAAALAAAAAABAAEAAAIBRAA7"
"$131,000","6474 N Sweetwater Rd, Lithia Springs, GA 30122",2,1,720,"data:image/gif;base64,R0lGODlhAQABAIAAAAAAAP///yH5BAEAAAAALAAAAAABAAEAAAIBRAA7"
"$374,900","3214 Wheldon Way, Douglasville, GA 30135",5,5,"4,100","data:image/gif;base64,R0lGODlhAQABAIAAAAAAAP///yH5BAEAAAAALAAAAAABAAEAAAIBRAA7"
"$180,000","6762 Mason Creek Rd, Douglasville, GA 30135",3,2,"1,466","data:image/gif;base64,R0lGODlhAQABAIAAAAAAAP///yH5BAEAAAAALAAAAAABAAEAAAIBRAA7"
"$398,387","9879 Ashton Old Rd, Douglasville, GA 30135",--,--,--,N/A
"$252,500","9074 Bond St, Douglasville, GA 30135",3,3,"2,629","data:image/gif;base64,R0lGODlhAQABAIAAAAAAAP///yH5BAEAAAAALAAAAAABAAEAAAIBRAA7"
"$424,000","5828 Sarazen Trl, Douglasville, GA 30135",4,4,"3,290","data:image/gif;base64,R0lGODlhAQABAIAAAAAAAP///yH5BAEAAAAALAAAAAABAAEAAAIBRAA7"
"$575,000","Bonita Springs Ct, Douglasville, GA 30135",--,--,--,N/A
"$138,000","3138 Beechwood Dr, Lithia Springs, GA 30122",4,4,"2,629","data:image/gif;base64,R0lGODlhAQABAIAAAAAAAP///yH5BAEAAAAALAAAAAABAAEAAAIBRAA7"
"$117,000","4252 Maroney Mill Rd, Douglasville, GA 30134",3,2,"1,377","data:image/gif;base64,R0lGODlhAQABAIAAAAAAAP///yH5BAEAAAAALAAAAAABAAEAAAIBRAA7"
"$282,387","1719 Cromwell Ln, Lithia Springs, GA 30122",5,3,"2,637","data:image/gif;base64,R0lGODlhAQABAIAAAAAAAP///yH5BAEAAAAALAAAAAABAAEAAAIBRAA7"
"$126,000","6358 Joanna St, Lithia Springs, GA 30122",3,2,"1,892","data:image/gif;base64,R0lGODlhAQABAIAAAAAAAP///yH5BAEAAAAALAAAAAABAAEAAAIBRAA7"
"$105,000","8053 Fieldstream Way, Douglasville, GA 30134",3,2,"1,074","data:image/gif;base64,R0lGODlhAQABAIAAAAAAAP///yH5BAEAAAAALAAAAAABAAEAAAIBRAA7"
"$20,000","3203 Peachtree St, Lithia Springs, GA 30122",2,1,932,"data:image/gif;base64,R0lGODlhAQABAIAAAAAAAP///yH5BAEAAAAALAAAAAABAAEAAAIBRAA7"
"$188,000","5506 Somer Ridge Ct, Douglasville, GA 30134",3,2,"1,909","data:image/gif;base64,R0lGODlhAQABAIAAAAAAAP///yH5BAEAAAAALAAAAAABAAEAAAIBRAA7"
"$575,000","3308 Brookmont Pkwy, Douglasville, GA 30135",4,3,"3,436","data:image/gif;base64,R0lGODlhAQABAIAAAAAAAP///yH5BAEAAAAALAAAAAABAAEAAAIBRAA7"
"$535,000","9450 Logan Ln, Douglasville, GA 30135",5,6,"6,528","data:image/gif;base64,R0lGODlhAQABAIAAAAAAAP///yH5BAEAAAAALAAAAAABAAEAAAIBRAA7"
"$229,990","7206 Brigidoon Rose, Douglasville, GA 30134",--,--,--,N/A
"$175,000","2068 E Lotus Point Dr, Lithia Springs, GA 30122",3,3,"1,972","data:image/gif;base64,R0lGODlhAQABAIAAAAAAAP///yH5BAEAAAAALAAAAAABAAEAAAIBRAA7"
"$182,500","9530 Poole Rd, Villa Rica, GA 30180",3,3,"1,618","data:image/gif;base64,R0lGODlhAQABAIAAAAAAAP///yH5BAEAAAAALAAAAAABAAEAAAIBRAA7"
"$235,000","6823 Spring Valley Ct, Douglasville, GA 30135",3,3,"2,222","data:image/gif;base64,R0lGODlhAQABAIAAAAAAAP///yH5BAEAAAAALAAAAAABAAEAAAIBRAA7"
"$157,900","3246 Beaver Dr, Douglasville, GA 30135",3,3,"2,195","data:image/gif;base64,R0lGODlhAQABAIAAAAAAAP///yH5BAEAAAAALAAAAAABAAEAAAIBRAA7"
"$130,000","2380 Ambassador Dr, Lithia Springs, GA 30122",3,2,"1,719","data:image/gif;base64,R0lGODlhAQABAIAAAAAAAP///yH5BAEAAAAALAAAAAABAAEAAAIBRAA7"
"$104,000","3575 Bright Star Rd, Douglasville, GA 30135",3,2,"1,448","data:image/gif;base64,R0lGODlhAQABAIAAAAAAAP///yH5BAEAAAAALAAAAAABAAEAAAIBRAA7"
"$298,000","4558 Cabinwood Turn, Douglasville, GA 30135",5,5,"4,000","data:image/gif;base64,R0lGODlhAQABAIAAAAAAAP///yH5BAEAAAAALAAAAAABAAEAAAIBRAA7"
"$225,000","5052 Saphire Ct, Douglasville, GA 30135",3,3,"2,038","data:image/gif;base64,R0lGODlhAQABAIAAAAAAAP///yH5BAEAAAAALAAAAAABAAEAAAIBRAA7"
"$235,000","5067 Irvine Dr, Douglasville, GA 30135",3,3,"2,184","data:image/gif;base64,R0lGODlhAQABAIAAAAAAAP///yH5BAEAAAAALAAAAAABAAEAAAIBRAA7"
"$160,000","6173 Ridge Way, Douglasville, GA 30135",3,2,"2,037","data:image/gif;base64,R0lGODlhAQABAIAAAAAAAP///yH5BAEAAAAALAAAAAABAAEAAAIBRAA7"
"$160,000","6173 Ridge Way, Douglasville, GA 30135",3,2,"2,037",https://photos.zillowstatic.com/p_e/ISv43yp8axla0k1000000000.jpg
"$199,000","4515 Highway 5, Douglasville, GA 30135",4.3,N/A,N/A,https://photos.zillowstatic.com/p_e/ISxbrwn9vw49ks1000000000.jpg
"$156,000","3596 Bomar Rd, Douglasville, GA 30135",3,2,"1,104",N/A
"$250,000","3780 Bennett Trl, Lithia Springs, GA 30122",5,3,"2,460",https://photos.zillowstatic.com/p_e/ISmiwv7o0sfkh00000000000.jpg
"$420,000","7147 Miller St, Lithia Springs, GA 30122",4,3,"2,996",https://photos.zillowstatic.com/p_e/ISmm342obz6ti50000000000.jpg
"$165,100","6478 Drake Mnr, Austell, GA 30168",3,2,"1,146",https://photos.zillowstatic.com/p_e/ISvgcxo2q353uk1000000000.jpg
"$340,000","3820 Highway 92 #166, Douglasville, GA 30135",5,4,"3,698",https://photos.zillowstatic.com/p_e/ISr5dzwohj4mzw0000000000.jpg
"$340,000","3820 Highway 92, Douglasville, GA 30135",5,4,"3,698",https://photos.zillowstatic.com/p_e/ISnet6zc7udg7p0000000000.jpg
"$185,000","6295 Hampstead Ln, Douglasville, GA 30134",3,3,"2,045",https://photos.zillowstatic.com/p_e/ISrlh59n32zrds1000000000.jpg
"$275,000","4241 Ashland Cir, Douglasville, GA 30135",3,3,"2,424","data:image/gif;base64,R0lGODlhAQABAIAAAAAAAP///yH5BAEAAAAALAAAAAABAAEAAAIBRAA7"
"$270,000","5508 Whispering Swan Ct, Douglasville, GA 30135",5,3,"2,614","data:image/gif;base64,R0lGODlhAQABAIAAAAAAAP///yH5BAEAAAAALAAAAAABAAEAAAIBRAA7"
"$199,900","2723 War Emblem Pl, Douglasville, GA 30135",5,4,"3,279","data:image/gif;base64,R0lGODlhAQABAIAAAAAAAP///yH5BAEAAAAALAAAAAABAAEAAAIBRAA7"
"$130,000","2251 Pine Dr, Douglasville, GA 30135",3,2,"1,698",N/A
"$34,000","1401 Mcintosh Rd, Douglasville, GA 30134",3,1,"1,160","data:image/gif;base64,R0lGODlhAQABAIAAAAAAAP///yH5BAEAAAAALAAAAAABAAEAAAIBRAA7"
"$80,000","0 Mt Vernon Rd, Lithia Springs, GA 30122",4.72,N/A,N/A,"data:image/gif;base64,R0lGODlhAQABAIAAAAAAAP///yH5BAEAAAAALAAAAAABAAEAAAIBRAA7"
"$169,900","7889 Mulberry Way, Douglasville, GA 30134",5,4,"1,346","data:image/gif;base64,R0lGODlhAQABAIAAAAAAAP///yH5BAEAAAAALAAAAAABAAEAAAIBRAA7"
"$210,000","1814 Silver Creek Dr, Lithia Springs, GA 30122",3,3,"2,396","data:image/gif;base64,R0lGODlhAQABAIAAAAAAAP///yH5BAEAAAAALAAAAAABAAEAAAIBRAA7"
"$337,000","3942 Ruby Way, Douglasville, GA 30134",5,3,"3,928","data:image/gif;base64,R0lGODlhAQABAIAAAAAAAP///yH5BAEAAAAALAAAAAABAAEAAAIBRAA7"
"$257,500","5274 Big A Rd, Douglasville, GA 30135",4,3,"3,092","data:image/gif;base64,R0lGODlhAQABAIAAAAAAAP///yH5BAEAAAAALAAAAAABAAEAAAIBRAA7"
"$180,000","5455 Somer Mill Rd, Douglasville, GA 30134",3,3,"1,977","data:image/gif;base64,R0lGODlhAQABAIAAAAAAAP///yH5BAEAAAAALAAAAAABAAEAAAIBRAA7"
"$230,000","3130 Cunningham Ln, Douglasville, GA 30135",2,2,"1,582",N/A
"$53,000","3341 Richardson Rd, Villa Rica, GA 30180",3,1,"1,092","data:image/gif;base64,R0lGODlhAQABAIAAAAAAAP///yH5BAEAAAAALAAAAAABAAEAAAIBRAA7"
"$290,000","2599 Chipping Ct, Villa Rica, GA 30180",4,3,"2,689","data:image/gif;base64,R0lGODlhAQABAIAAAAAAAP///yH5BAEAAAAALAAAAAABAAEAAAIBRAA7"
"$182,000","203 Millwheel Dr, Villa Rica, GA 30180",3,2,"1,725","data:image/gif;base64,R0lGODlhAQABAIAAAAAAAP///yH5BAEAAAAALAAAAAABAAEAAAIBRAA7"
"$230,000","5970 Windsorcreek Dr, Douglasville, GA 30135",3,2,"2,245","data:image/gif;base64,R0lGODlhAQABAIAAAAAAAP///yH5BAEAAAAALAAAAAABAAEAAAIBRAA7"
"$194,400","2565 Harrison Mill Dr, Douglasville, GA 30135",3,2.5,"2,266","data:image/gif;base64,R0lGODlhAQABAIAAAAAAAP///yH5BAEAAAAALAAAAAABAAEAAAIBRAA7"
"$289,000","4492 Bryten Dr, Douglasville, GA 30135",4,3,"2,696","data:image/gif;base64,R0lGODlhAQABAIAAAAAAAP///yH5BAEAAAAALAAAAAABAAEAAAIBRAA7"
"$205,000","5047 Manning Dr, Douglasville, GA 30135",3,2,"1,942","data:image/gif;base64,R0lGODlhAQABAIAAAAAAAP///yH5BAEAAAAALAAAAAABAAEAAAIBRAA7"
"$135,000","1590 W Highpoint Dr, Douglasville, GA 30134",3,2,"1,435","data:image/gif;base64,R0lGODlhAQABAIAAAAAAAP///yH5BAEAAAAALAAAAAABAAEAAAIBRAA7"
"$130,000","3339 Millwright St, Douglasville, GA 30135",4,2,"2,408",N/A
"$175,000","6211 Douglas Manor Ct, Douglasville, GA 30134",2,2,"1,371","data:image/gif;base64,R0lGODlhAQABAIAAAAAAAP///yH5BAEAAAAALAAAAAABAAEAAAIBRAA7"
"$151,000","4047 W Oak Ln, Douglasville, GA 30134",3,2,"1,362","data:image/gif;base64,R0lGODlhAQABAIAAAAAAAP///yH5BAEAAAAALAAAAAABAAEAAAIBRAA7"
"$295,000","502 Haven Cir, Douglasville, GA 30135",4,3,"2,142",N/A
"$212,000","3598 Douglas Ridge Trl, Douglasville, GA 30135",5,3,"2,520","data:image/gif;base64,R0lGODlhAQABAIAAAAAAAP///yH5BAEAAAAALAAAAAABAAEAAAIBRAA7"
"$282,340","3194 Ancoats St, Douglasville, GA 30135",4,3,"2,388","data:image/gif;base64,R0lGODlhAQABAIAAAAAAAP///yH5BAEAAAAALAAAAAABAAEAAAIBRAA7"
"$215,000","4938 Cedar Lake Ter, Douglasville, GA 30135",3,3,"2,312","data:image/gif;base64,R0lGODlhAQABAIAAAAAAAP///yH5BAEAAAAALAAAAAABAAEAAAIBRAA7"
"$395,000","7860 Gable Dr, Douglasville, GA 30135",5,5,"3,056","data:image/gif;base64,R0lGODlhAQABAIAAAAAAAP///yH5BAEAAAAALAAAAAABAAEAAAIBRAA7"
"$215,000","9092 Kettle Overlook, Villa Rica, GA 30180",--,--,--,N/A
"$245,000","4814 Spinepoint Way, Douglasville, GA 30135",4,3,"3,186","data:image/gif;base64,R0lGODlhAQABAIAAAAAAAP///yH5BAEAAAAALAAAAAABAAEAAAIBRAA7"
"$535,000","4491 Jenkins Way, Douglasville, GA 30135",5,5,"5,218","data:image/gif;base64,R0lGODlhAQABAIAAAAAAAP///yH5BAEAAAAALAAAAAABAAEAAAIBRAA7"
"$285,000","6464 Westerly Way, Douglasville, GA 30135",4,3,"3,180",https://photos.zillowstatic.com/p_e/ISvsxtphljqqc11000000000.jpg
"$234,990","7208 Brigidoon Rose, Douglasville, GA 30134",--,--,--,N/A
"$168,900","4141 Reid Rd, Douglasville, GA 30135",3,2,"1,323",https://photos.zillowstatic.com/p_e/IS7qbw6xp8tskq1000000000.jpg
"$223,725","2649 Neighborhood Walk S, Villa Rica, GA 30180",3,2,"1,689",https://photos.zillowstatic.com/p_e/ISzvadxlxbb2o60000000000.jpg
"$345,000","5017 Cambridge Ln, Villa Rica, GA 30180",5,4,"3,884",https://photos.zillowstatic.com/p_e/IS372dlj1nbunu1000000000.jpg
"$230,900","3525 Ridge Hill Pkwy, Douglasville, GA 30135",4,3,"2,002",https://photos.zillowstatic.com/p_e/ISr51qd20erckb1000000000.jpg
"$175,000","9425 Pebble Creek Ct, Villa Rica, GA 30180",4,3,"1,876",https://photos.zillowstatic.com/p_e/ISbpd00u08itdb0000000000.jpg
"$228,900","3535 Ridge Hill Pkwy, Douglasville, GA 30135",3,3,"1,915",https://photos.zillowstatic.com/p_e/ISrdnw760qfz941000000000.jpg
"$297,000","4456 Bellemeade Dr, Douglasville, GA 30135",6,5,"4,421",https://photos.zillowstatic.com/p_e/ISnyokmzsnzk9j1000000000.jpg
"$140,000","9047 E Carroll Rd, Winston, GA 30187",4,3,"2,720","data:image/gif;base64,R0lGODlhAQABAIAAAAAAAP///yH5BAEAAAAALAAAAAABAAEAAAIBRAA7"
"$97,500","4079 Parks Ln, Douglasville, GA 30135",4,2,"1,921","data:image/gif;base64,R0lGODlhAQABAIAAAAAAAP///yH5BAEAAAAALAAAAAABAAEAAAIBRAA7"
"$115,000","2800 Scarlett Ohara Ct, Douglasville, GA 30135",3,1.5,"1,080","data:image/gif;base64,R0lGODlhAQABAIAAAAAAAP///yH5BAEAAAAALAAAAAABAAEAAAIBRAA7"
"$173,000","3256 Lake Monroe Rd, Douglasville, GA 30135",3,2,"1,702",N/A
"$360,000","2480 Washington Dr, Douglasville, GA 30135",5,4.5,"3,241",N/A
"$224,000","1089 S Creek Dr, Villa Rica, GA 30180",4,3,"2,344","data:image/gif;base64,R0lGODlhAQABAIAAAAAAAP///yH5BAEAAAAALAAAAAABAAEAAAIBRAA7"
"$284,504","837 Everleigh Ct, Lithia Springs, GA 30122",4,4,"2,721","data:image/gif;base64,R0lGODlhAQABAIAAAAAAAP///yH5BAEAAAAALAAAAAABAAEAAAIBRAA7"
"$76,000","2941 Beechwood Dr, Lithia Springs, GA 30122",3,2,"1,863",N/A
"$213,000","7231 White Flag Trl, Lithia Springs, GA 30122",4,3,"2,895","data:image/gif;base64,R0lGODlhAQABAIAAAAAAAP///yH5BAEAAAAALAAAAAABAAEAAAIBRAA7"
"$284,504","837 Everleigh Ct #33, Lithia Springs, GA 30122",4,4,"2,721","data:image/gif;base64,R0lGODlhAQABAIAAAAAAAP///yH5BAEAAAAALAAAAAABAAEAAAIBRAA7"
"$135,000","3447 Skyview Dr, Lithia Springs, GA 30122",4,2,"1,608","data:image/gif;base64,R0lGODlhAQABAIAAAAAAAP///yH5BAEAAAAALAAAAAABAAEAAAIBRAA7"
"$354,990","3202 Brantingham Rd, Douglasville, GA 30135",--,--,--,N/A
"$125,000","1202 Grove Trail Pass, Douglasville, GA 30134",4,3,"1,790",N/A
"$360,000","3500 Hearthstone Pl, Douglasville, GA 30135",5,5,"3,500","data:image/gif;base64,R0lGODlhAQABAIAAAAAAAP///yH5BAEAAAAALAAAAAABAAEAAAIBRAA7"
"$285,000","5188 Carter Way, Douglasville, GA 30135",5,3,"3,446",N/A
"$173,000","5506 Stewart Mill Rd, Douglasville, GA 30135",3,2,"1,283","data:image/gif;base64,R0lGODlhAQABAIAAAAAAAP///yH5BAEAAAAALAAAAAABAAEAAAIBRAA7"
"$289,000","3699 Fowler Rdg, Douglasville, GA 30135",4,3,"2,540","data:image/gif;base64,R0lGODlhAQABAIAAAAAAAP///yH5BAEAAAAALAAAAAABAAEAAAIBRAA7"
"$134,000","1268 Cave Springs Rd, Douglasville, GA 30134",3,1,836,"data:image/gif;base64,R0lGODlhAQABAIAAAAAAAP///yH5BAEAAAAALAAAAAABAAEAAAIBRAA7"
"$415,000","5540 Fouts Mill Rd, Douglasville, GA 30135",4,4,"4,050","data:image/gif;base64,R0lGODlhAQABAIAAAAAAAP///yH5BAEAAAAALAAAAAABAAEAAAIBRAA7"
"$124,000","4021 Dixie Ln, Douglasville, GA 30135",3,1,"1,246","data:image/gif;base64,R0lGODlhAQABAIAAAAAAAP///yH5BAEAAAAALAAAAAABAAEAAAIBRAA7"
"$222,000","8551 Braylen Manor Dr, Douglasville, GA 30134",4,2,"1,891","data:image/gif;base64,R0lGODlhAQABAIAAAAAAAP///yH5BAEAAAAALAAAAAABAAEAAAIBRAA7"
"$370,000","5350 Punkintown Rd, Douglasville, GA 30135",3,3,"3,576","data:image/gif;base64,R0lGODlhAQABAIAAAAAAAP///yH5BAEAAAAALAAAAAABAAEAAAIBRAA7"
"$212,000","4895 Tahoe Ct, Winston, GA 30187",3,2,"1,822","data:image/gif;base64,R0lGODlhAQABAIAAAAAAAP///yH5BAEAAAAALAAAAAABAAEAAAIBRAA7"
"$187,000","5800 Garden Cir, Douglasville, GA 30135",3,3,"1,596","data:image/gif;base64,R0lGODlhAQABAIAAAAAAAP///yH5BAEAAAAALAAAAAABAAEAAAIBRAA7"
"$121,350","7077 Stonecreek Dr, Douglasville, GA 30134",3,2,"1,244","data:image/gif;base64,R0lGODlhAQABAIAAAAAAAP///yH5BAEAAAAALAAAAAABAAEAAAIBRAA7"
"$149,900","4006 Highway 166, Douglasville, GA 30135",3,2,"1,235","data:image/gif;base64,R0lGODlhAQABAIAAAAAAAP///yH5BAEAAAAALAAAAAABAAEAAAIBRAA7"
"$340,000","4975 Longridge Dr, Villa Rica, GA 30180",5,4,"5,386","data:image/gif;base64,R0lGODlhAQABAIAAAAAAAP///yH5BAEAAAAALAAAAAABAAEAAAIBRAA7"
"$238,900","8993 Dornoch Cir, Winston, GA 30187",4,3,"3,961","data:image/gif;base64,R0lGODlhAQABAIAAAAAAAP///yH5BAEAAAAALAAAAAABAAEAAAIBRAA7"
"$250,000","8980 Par Dr, Douglasville, GA 30134",4,3,"2,550","data:image/gif;base64,R0lGODlhAQABAIAAAAAAAP///yH5BAEAAAAALAAAAAABAAEAAAIBRAA7"
"$258,102","1152 Red Bud Cir, Villa Rica, GA 30180",4,3,"2,735",N/A
"$174,000","2925 Clearwater Dr, Douglasville, GA 30135",Studio,--,"1,406","data:image/gif;base64,R0lGODlhAQABAIAAAAAAAP///yH5BAEAAAAALAAAAAABAAEAAAIBRAA7"
"$145,000","7055 Cedar Mountain Rd, Douglasville, GA 30134",3,2,"1,200",https://photos.zillowstatic.com/p_e/IS768001jkamcn1000000000.jpg
"$10,300","30134-3321 3321, Douglasville, GA 30134",2,1.5,"1,008",N/A
"$250,000","8980 Par Dr, Douglasville, GA 30134",4,3,"2,550",https://photos.zillowstatic.com/p_e/ISznc5usuofor11000000000.jpg
"$158,400","7185 Hummingbird Ln, Winston, GA 30187",3,2,"1,269",https://photos.zillowstatic.com/p_e/ISjzeeq4pv2x8c0000000000.jpg
"$105,000","6214 Marilla St, Douglasville, GA 30135",3,2,"1,448",N/A
"$392,990","3761 Chapel Hill Rd, Douglasville, GA 30135",4,5,"3,398",N/A
"$165,000","6283 John West Rd, Douglasville, GA 30134",4,2.5,"1,850",https://photos.zillowstatic.com/p_e/IS7afs5b5lcn1b1000000000.jpg
"$86,000","3958 Castle St, Douglasville, GA 30134",3,1.5,"2,512",N/A
"$141,342","6671 Breckenridge Dr, Douglasville, GA 30134",3,2,"1,551",N/A
"$147,000","3371 Richardson Rd, Villa Rica, GA 30180",3,2,"1,102","data:image/gif;base64,R0lGODlhAQABAIAAAAAAAP///yH5BAEAAAAALAAAAAABAAEAAAIBRAA7"
"$224,900","6350 Summer Pl, Douglasville, GA 30135",4,3,"2,370","data:image/gif;base64,R0lGODlhAQABAIAAAAAAAP///yH5BAEAAAAALAAAAAABAAEAAAIBRAA7"
"$170,000","2162 Cedar Creek Ln, Lithia Springs, GA 30122",4,3,"1,220","data:image/gif;base64,R0lGODlhAQABAIAAAAAAAP///yH5BAEAAAAALAAAAAABAAEAAAIBRAA7"
"$245,500","2639 Neighborhood Walk S, Villa Rica, GA 30180",4,4,"3,506","data:image/gif;base64,R0lGODlhAQABAIAAAAAAAP///yH5BAEAAAAALAAAAAABAAEAAAIBRAA7"
"$30,000","209 Millwheel Dr, Villa Rica, GA 30180",5,3,"1,900","data:image/gif;base64,R0lGODlhAQABAIAAAAAAAP///yH5BAEAAAAALAAAAAABAAEAAAIBRAA7"
"$273,900","4781 Pauline Rd, Douglasville, GA 30135",5,3,"2,934","data:image/gif;base64,R0lGODlhAQABAIAAAAAAAP///yH5BAEAAAAALAAAAAABAAEAAAIBRAA7"
"$271,465","7374 Stone Bluff Dr, Douglasville, GA 30134",4,3,"2,176","data:image/gif;base64,R0lGODlhAQABAIAAAAAAAP///yH5BAEAAAAALAAAAAABAAEAAAIBRAA7"
"$132,000","8113 Fieldstream Way, Douglasville, GA 30134",3,2,"1,060","data:image/gif;base64,R0lGODlhAQABAIAAAAAAAP///yH5BAEAAAAALAAAAAABAAEAAAIBRAA7"
"$155,000","2846 Brook Dr, Douglasville, GA 30135",3,3,"1,132","data:image/gif;base64,R0lGODlhAQABAIAAAAAAAP///yH5BAEAAAAALAAAAAABAAEAAAIBRAA7"
"$247,500","3420 Lake Breeze Ct, Villa Rica, GA 30180",4,3,"2,428","data:image/gif;base64,R0lGODlhAQABAIAAAAAAAP///yH5BAEAAAAALAAAAAABAAEAAAIBRAA7"
"$189,700","4359 Tillage Path, Douglasville, GA 30135",5,3,"1,841","data:image/gif;base64,R0lGODlhAQABAIAAAAAAAP///yH5BAEAAAAALAAAAAABAAEAAAIBRAA7"
"$356,000","7571 Gillespie Pl, Douglasville, GA 30135",--,--,--,N/A
"$203,900","6976 Springwood Dr, Douglasville, GA 30135",5,4,"2,686","data:image/gif;base64,R0lGODlhAQABAIAAAAAAAP///yH5BAEAAAAALAAAAAABAAEAAAIBRAA7"
"$30,000","3719 Lithia Way, Lithia Springs, GA 30122",2,1,"1,470",N/A
"$155,000","6190 King Arthur Dr, Douglasville, GA 30135",3,2,"1,710","data:image/gif;base64,R0lGODlhAQABAIAAAAAAAP///yH5BAEAAAAALAAAAAABAAEAAAIBRAA7"
"$256,500","9912 Bridgewater Pointe, Villa Rica, GA 30180",4,3,"3,000","data:image/gif;base64,R0lGODlhAQABAIAAAAAAAP///yH5BAEAAAAALAAAAAABAAEAAAIBRAA7"
"$249,900","8651 Saint Andrews Pkwy, Winston, GA 30187",--,--,--,N/A
"$264,900","8804 Saint Andrews Pkwy, Winston, GA 30187",--,--,--,N/A
"$325,000","3595 Long Lake Dr, Douglasville, GA 30135",4,4,"4,207","data:image/gif;base64,R0lGODlhAQABAIAAAAAAAP///yH5BAEAAAAALAAAAAABAAEAAAIBRAA7"
"$166,500","1967 S County Line Rd, Lithia Springs, GA 30122",4,3,"2,031",N/A
"$308,000","624 Heather Dr, Lithia Springs, GA 30122",3,2.5,"3,952","data:image/gif;base64,R0lGODlhAQABAIAAAAAAAP///yH5BAEAAAAALAAAAAABAAEAAAIBRAA7"
"$152,000","4885 Orchard Ct, Douglasville, GA 30135",5,3,"2,200",N/A
"$244,800","3109 Cunningham Ln, Douglasville, GA 30135",3,3,"1,980","data:image/gif;base64,R0lGODlhAQABAIAAAAAAAP///yH5BAEAAAAALAAAAAABAAEAAAIBRAA7"
"$230,900","4703 Moccasin Ct, Douglasville, GA 30135",4,3,"2,002","data:image/gif;base64,R0lGODlhAQABAIAAAAAAAP///yH5BAEAAAAALAAAAAABAAEAAAIBRAA7"
"$190,000","4277 Arnolds Mill Opas Ml, Douglasville, GA 30135",3,3,"2,907",N/A
"$385,911","3187 Ancoats St, Douglasville, GA 30135",--,--,--,N/A
"$193,500","2503 Sonoma Valley, Villa Rica, GA 30180",4,3,"2,688","data:image/gif;base64,R0lGODlhAQABAIAAAAAAAP///yH5BAEAAAAALAAAAAABAAEAAAIBRAA7"
"$184,900","3325 Cowan Mill Ct, Douglasville, GA 30135",4,3,"2,008","data:image/gif;base64,R0lGODlhAQABAIAAAAAAAP///yH5BAEAAAAALAAAAAABAAEAAAIBRAA7"
"$195,000","2029 Dartmoth Way, Villa Rica, GA 30180",4,2.5,"2,232","data:image/gif;base64,R0lGODlhAQABAIAAAAAAAP///yH5BAEAAAAALAAAAAABAAEAAAIBRAA7"
"$154,500","7154 Brook St, Lithia Springs, GA 30122",3,2,"1,075","data:image/gif;base64,R0lGODlhAQABAIAAAAAAAP///yH5BAEAAAAALAAAAAABAAEAAAIBRAA7"
"$186,600","6844 Woodcreek Ln, Douglasville, GA 30135",4,3,"1,898","data:image/gif;base64,R0lGODlhAQABAIAAAAAAAP///yH5BAEAAAAALAAAAAABAAEAAAIBRAA7"
"$174,000","3457 Skyview Dr, Lithia Springs, GA 30122",3,2,"1,308",https://photos.zillowstatic.com/p_e/ISbp17tnkjr89q1000000000.jpg
"$200,000","5159 Saint Charles Pl, Douglasville, GA 30135",4,3,"2,136",https://photos.zillowstatic.com/p_e/ISj7tqfekvsbc01000000000.jpg
"$95,000","2656 Del Ridge Dr, Douglasville, GA 30135",3,2,"1,312",N/A
"$7,425","Brookmont Pkwy, Douglasville, GA 30135",--,--,--,N/A
"$7,425","Brookmont Pkwy, Douglasville, GA 30135",--,--,--,N/A
"$33,000","Brookmont Pkwy, Douglasville, GA 30135",--,--,--,N/A
"$7,425","Brookmont Pkwy, Douglasville, GA 30135",--,--,--,N/A
"$218,990","3006 Chris Cir, Villa Rica, GA 30180",5,3,--,https://photos.zillowstatic.com/p_e/ISbpluw5mw9z5h1000000000.jpg
"$33,000","3261 Brookmont Pkwy, Douglasville, GA 30135",--,--,--,N/A
"$149,900","4006 Hwy 166 Fairburn Rd SE, Douglasville, GA 30135",3,2,"1,075","data:image/gif;base64,R0lGODlhAQABAIAAAAAAAP///yH5BAEAAAAALAAAAAABAAEAAAIBRAA7"
"$148,000","3642 E Melissa Ln, Douglasville, GA 30135",4,2,"1,190","data:image/gif;base64,R0lGODlhAQABAIAAAAAAAP///yH5BAEAAAAALAAAAAABAAEAAAIBRAA7"
"$143,000","8915 Tweeddale Dr, Winston, GA 30187",4,3,"1,583","data:image/gif;base64,R0lGODlhAQABAIAAAAAAAP///yH5BAEAAAAALAAAAAABAAEAAAIBRAA7"
"$186,500","8330 Louisville Dr, Winston, GA 30187",3,2,"1,768","data:image/gif;base64,R0lGODlhAQABAIAAAAAAAP///yH5BAEAAAAALAAAAAABAAEAAAIBRAA7"
"$147,500","4190 Macduff Dr, Douglasville, GA 30135",3,2,"1,600","data:image/gif;base64,R0lGODlhAQABAIAAAAAAAP///yH5BAEAAAAALAAAAAABAAEAAAIBRAA7"
"$102,500","7731 Mattie Mccoy Ln, Winston, GA 30187",3,2,"1,107","data:image/gif;base64,R0lGODlhAQABAIAAAAAAAP///yH5BAEAAAAALAAAAAABAAEAAAIBRAA7"
"$540,000","5270 Brookhollow Dr, Douglasville, GA 30135",4,4,"5,086","data:image/gif;base64,R0lGODlhAQABAIAAAAAAAP///yH5BAEAAAAALAAAAAABAAEAAAIBRAA7"
"$345,000","620 Sweetwater Bridge Cir, Douglasville, GA 30134",7,5,"4,383","data:image/gif;base64,R0lGODlhAQABAIAAAAAAAP///yH5BAEAAAAALAAAAAABAAEAAAIBRAA7"
"$306,000","7915 Alta Ct, Lithia Springs, GA 30122",5,4,"4,324","data:image/gif;base64,R0lGODlhAQABAIAAAAAAAP///yH5BAEAAAAALAAAAAABAAEAAAIBRAA7"
"$127,500","8150 Post Rd, Whitesburg, GA 30185",4,1,"1,378",N/A
"$197,000","7278 Glen Dr, Winston, GA 30187",3,3,"1,963","data:image/gif;base64,R0lGODlhAQABAIAAAAAAAP///yH5BAEAAAAALAAAAAABAAEAAAIBRAA7"
"$284,900","8744 Saint Andrews Pkwy, Winston, GA 30187",--,--,--,N/A
"$250,000","5311 N Helton Rd, Winston, GA 30187",3,3.5,"1,968",N/A
"$227,900","3530 Ridge Hill Pkwy, Douglasville, GA 30135",3,3,"1,800","data:image/gif;base64,R0lGODlhAQABAIAAAAAAAP///yH5BAEAAAAALAAAAAABAAEAAAIBRAA7"
"$114,047","5036 Oakdale Dr, Douglasville, GA 30135",3,2,"1,196","data:image/gif;base64,R0lGODlhAQABAIAAAAAAAP///yH5BAEAAAAALAAAAAABAAEAAAIBRAA7"
"$198,000","6100 Shallow Wood Ln, Douglasville, GA 30135",5,5,"3,636","data:image/gif;base64,R0lGODlhAQABAIAAAAAAAP///yH5BAEAAAAALAAAAAABAAEAAAIBRAA7"
"$235,000","6035 Windsorcreek Dr, Douglasville, GA 30135",3,3,"2,084","data:image/gif;base64,R0lGODlhAQABAIAAAAAAAP///yH5BAEAAAAALAAAAAABAAEAAAIBRAA7"
"$225,000","1103 Haven Cir #C, Douglasville, GA 30135",2,2,"1,658",N/A
"$254,604","7997 Dawson Ln, Douglasville, GA 30134",4,3,"2,209","data:image/gif;base64,R0lGODlhAQABAIAAAAAAAP///yH5BAEAAAAALAAAAAABAAEAAAIBRAA7"
"$154,000","6401 Linecrest Dr, Douglasville, GA 30134",1,1,100,"data:image/gif;base64,R0lGODlhAQABAIAAAAAAAP///yH5BAEAAAAALAAAAAABAAEAAAIBRAA7"
"$303,095","7370 Stone Bluff Dr, Douglasville, GA 30134",4,4,"2,890","data:image/gif;base64,R0lGODlhAQABAIAAAAAAAP///yH5BAEAAAAALAAAAAABAAEAAAIBRAA7"
"$96,450","8964 Meadow Dr, Lithia Springs, GA 30122",3,1.5,"1,056","data:image/gif;base64,R0lGODlhAQABAIAAAAAAAP///yH5BAEAAAAALAAAAAABAAEAAAIBRAA7"
"$160,000","2403 Skyline Ridge Dr, Lithia Springs, GA 30122",4,2,"1,834","data:image/gif;base64,R0lGODlhAQABAIAAAAAAAP///yH5BAEAAAAALAAAAAABAAEAAAIBRAA7"
"$149,000","1897 David Dr, Douglasville, GA 30135",3,3,"2,758","data:image/gif;base64,R0lGODlhAQABAIAAAAAAAP///yH5BAEAAAAALAAAAAABAAEAAAIBRAA7"
"$129,000","180 Meadowlark Pl, Austell, GA 30168",3,3,"1,520",N/A
"$260,000","1008 Creekhead Dr, Villa Rica, GA 30180",3,3,"1,796","data:image/gif;base64,R0lGODlhAQABAIAAAAAAAP///yH5BAEAAAAALAAAAAABAAEAAAIBRAA7"
"$219,490","3004 Chris Cir #20, Villa Rica, GA 30180",5,3,--,"data:image/gif;base64,R0lGODlhAQABAIAAAAAAAP///yH5BAEAAAAALAAAAAABAAEAAAIBRAA7"
"$329,000","504 Mirror Lake Pkwy, Villa Rica, GA 30180",5,4,"2,992","data:image/gif;base64,R0lGODlhAQABAIAAAAAAAP///yH5BAEAAAAALAAAAAABAAEAAAIBRAA7"
"$225,000","1103 Haven Cir, Douglasville, GA 30135",2,2,"1,658","data:image/gif;base64,R0lGODlhAQABAIAAAAAAAP///yH5BAEAAAAALAAAAAABAAEAAAIBRAA7"
"$239,000","5524 Mossy View Dr, Douglasville, GA 30135",4,4,"3,346","data:image/gif;base64,R0lGODlhAQABAIAAAAAAAP///yH5BAEAAAAALAAAAAABAAEAAAIBRAA7"
"$253,914","1155 Red Bud Cir, Villa Rica, GA 30180",4,3,"2,735","data:image/gif;base64,R0lGODlhAQABAIAAAAAAAP///yH5BAEAAAAALAAAAAABAAEAAAIBRAA7"
"$100,000","1428 Victoria St, Douglasville, GA 30134",3,2,"1,204",https://photos.zillowstatic.com/p_e/ISj323oq9eza8u0000000000.jpg
"$96,450","8964 Meadow Dr, Lithia Springs, GA 30122",3,1.5,"1,056",https://photos.zillowstatic.com/p_e/IS-850pr8zun3vh.jpg
"$163,000","3964 Wedgewood Dr, Douglasville, GA 30135",3,2,"1,420",https://photos.zillowstatic.com/p_e/IS72h4in03wite1000000000.jpg
"$267,900","4706 Daniell Mill Rd #1, Winston, GA 30187",4,3,"1,826",https://photos.zillowstatic.com/p_e/ISdg1kpk75bi0j1000000000.jpg
"$228,000","5369 Kings Hwy, Douglasville, GA 30135",4,3,"1,991",https://photos.zillowstatic.com/p_e/IS729yfjs3sqz31000000000.jpg
"$429,000","7652 Capps Ridge Ln, Douglasville, GA 30135",4,4,"3,309",https://photos.zillowstatic.com/p_e/ISz3915dmvzhxd1000000000.jpg
"$288,000","4240 Ashland Cir, Douglasville, GA 30135",5,4,"3,254",https://photos.zillowstatic.com/p_e/ISzr3hcx6h4ydl1000000000.jpg
"$140,000","6814 Laurel View Ct, Douglasville, GA 30135",3,2,"1,416",https://photos.zillowstatic.com/p_e/IS3zf6rr6pttie1000000000.jpg
"$80,000","6167 Pine Dale Ln, Douglasville, GA 30135",3,2,"1,404",N/A
"$350,000","1556 Brunswick St, Lithia Springs, GA 30122",4,3,"3,526","data:image/gif;base64,R0lGODlhAQABAIAAAAAAAP///yH5BAEAAAAALAAAAAABAAEAAAIBRAA7"
"$117,000","6357 Arthur Dr, Lithia Springs, GA 30122",3,2,"1,058","data:image/gif;base64,R0lGODlhAQABAIAAAAAAAP///yH5BAEAAAAALAAAAAABAAEAAAIBRAA7"
"$239,485","6537 Bluffview Dr, Douglasville, GA 30134",--,--,--,N/A
"$309,990","3195 Brantingham Rd, Douglasville, GA 30135",4,4,"2,318","data:image/gif;base64,R0lGODlhAQABAIAAAAAAAP///yH5BAEAAAAALAAAAAABAAEAAAIBRAA7"
"$151,000","3734 Paul St, Douglasville, GA 30135",3,2,"1,278","data:image/gif;base64,R0lGODlhAQABAIAAAAAAAP///yH5BAEAAAAALAAAAAABAAEAAAIBRAA7"
"$473,897","9881 Ashton Old Rd, Douglasville, GA 30135",--,--,--,N/A
"$85,000","7712 Autry Cir APT 604, Douglasville, GA 30134",3,2,"1,325","data:image/gif;base64,R0lGODlhAQABAIAAAAAAAP///yH5BAEAAAAALAAAAAABAAEAAAIBRAA7"
"$267,900","4706 Daniell Mill Rd, Winston, GA 30187",5,4,"2,443","data:image/gif;base64,R0lGODlhAQABAIAAAAAAAP///yH5BAEAAAAALAAAAAABAAEAAAIBRAA7"
"$267,900","9994 Village South Dr, Douglasville, GA 30135",3,2,"3,720","data:image/gif;base64,R0lGODlhAQABAIAAAAAAAP///yH5BAEAAAAALAAAAAABAAEAAAIBRAA7"
"$439,900","7747 Capps Ridge Ln, Douglasville, GA 30135",4,4,"3,502","data:image/gif;base64,R0lGODlhAQABAIAAAAAAAP///yH5BAEAAAAALAAAAAABAAEAAAIBRAA7"
"$195,000","2272 Slater Mill Rd, Douglasville, GA 30135",3,2,"1,984","data:image/gif;base64,R0lGODlhAQABAIAAAAAAAP///yH5BAEAAAAALAAAAAABAAEAAAIBRAA7"
"$231,000","7203 Brigidoon Rose, Douglasville, GA 30134",--,--,--,N/A
"$292,500","503 Mirror Lake Pkwy, Villa Rica, GA 30180",5,4,"3,206","data:image/gif;base64,R0lGODlhAQABAIAAAAAAAP///yH5BAEAAAAALAAAAAABAAEAAAIBRAA7"
"$298,000","2811 Stillwater Dr, Villa Rica, GA 30180",4,4,"3,060","data:image/gif;base64,R0lGODlhAQABAIAAAAAAAP///yH5BAEAAAAALAAAAAABAAEAAAIBRAA7"
"$280,000","9590 Poplar Ct, Douglasville, GA 30135",5,3,"2,951","data:image/gif;base64,R0lGODlhAQABAIAAAAAAAP///yH5BAEAAAAALAAAAAABAAEAAAIBRAA7"
"$25,000","9518 Kraft Dr, Winston, GA 30187",3,1,"1,156","data:image/gif;base64,R0lGODlhAQABAIAAAAAAAP///yH5BAEAAAAALAAAAAABAAEAAAIBRAA7"
"$339,900","3582 Ms Bettys Pl, Villa Rica, GA 30180",4,3,"2,811","data:image/gif;base64,R0lGODlhAQABAIAAAAAAAP///yH5BAEAAAAALAAAAAABAAEAAAIBRAA7"
"$158,400","6026 S Bear Dr, Douglasville, GA 30135",4,2.5,"1,524","data:image/gif;base64,R0lGODlhAQABAIAAAAAAAP///yH5BAEAAAAALAAAAAABAAEAAAIBRAA7"
"$270,000","4507 Chapel Hill Rd, Douglasville, GA 30135",3,2.5,"2,079",N/A
"$175,000","3657 Lower Creek Dr, Douglasville, GA 30135",4,2.5,"2,029",N/A
"$331,000","5280 Pamela Dr, Douglasville, GA 30135",4,3,"2,572",N/A
"$242,000","5242 Inverness Ct, Douglasville, GA 30135",4,2.5,"2,724","data:image/gif;base64,R0lGODlhAQABAIAAAAAAAP///yH5BAEAAAAALAAAAAABAAEAAAIBRAA7"
"$161,000","2073 Lil Jess Ln, Douglasville, GA 30135",3,2,"1,794","data:image/gif;base64,R0lGODlhAQABAIAAAAAAAP///yH5BAEAAAAALAAAAAABAAEAAAIBRAA7"
"$145,000","911 Edgewood Ln, Douglasville, GA 30134",3,3,"2,198",N/A
"$148,000","1020 Walker Place Dr, Douglasville, GA 30134",3,2,"1,305","data:image/gif;base64,R0lGODlhAQABAIAAAAAAAP///yH5BAEAAAAALAAAAAABAAEAAAIBRAA7"
"$177,490","334 Freeman Cir, Villa Rica, GA 30180",4,3,"1,811","data:image/gif;base64,R0lGODlhAQABAIAAAAAAAP///yH5BAEAAAAALAAAAAABAAEAAAIBRAA7"
"$237,637","7979 Dawson Ln, Douglasville, GA 30134",--,--,--,N/A
"$177,500","3425 W County Line Rd, Douglasville, GA 30135",4,2,"1,670","data:image/gif;base64,R0lGODlhAQABAIAAAAAAAP///yH5BAEAAAAALAAAAAABAAEAAAIBRAA7"
"$194,000","7307 Timber Shoals Way, Douglasville, GA 30134",6,3,"1,538","data:image/gif;base64,R0lGODlhAQABAIAAAAAAAP///yH5BAEAAAAALAAAAAABAAEAAAIBRAA7"
"$160,000","1695 Park Pl, Lithia Springs, GA 30122",3,3,"1,250","data:image/gif;base64,R0lGODlhAQABAIAAAAAAAP///yH5BAEAAAAALAAAAAABAAEAAAIBRAA7"
"$379,000","3395 Summerlin Pkwy, Lithia Springs, GA 30122",5,4,"3,887","data:image/gif;base64,R0lGODlhAQABAIAAAAAAAP///yH5BAEAAAAALAAAAAABAAEAAAIBRAA7"
"$161,000","2073 Lil Jess Ln, Douglasville, GA 30135",3,2,"1,794",https://photos.zillowstatic.com/p_e/ISvwccdpkt1ztb1000000000.jpg
"$132,500","6343 Gordon St, Lithia Springs, GA 30122",2,2,"1,211",https://photos.zillowstatic.com/p_e/ISnm77f7f2591o1000000000.jpg
"$200,000","2376 Falls River Dr, Lithia Springs, GA 30122",3,2,"1,376",N/A
"$115,000","8752 Northview Dr, Lithia Springs, GA 30122",3,1.5,"1,224",N/A
"$387,799","2635 Thunder Basin Way, Douglasville, GA 30135",4,2.5,"2,316",https://photos.zillowstatic.com/p_e/ISrtz8mo278tqt1000000000.jpg
"$187,989","4423 Pipemaker Blf, Douglasville, GA 30135",3,2,"1,458",https://photos.zillowstatic.com/p_e/IS33jvvnpdoier0000000000.jpg
"$387,799","4485 Feather Way, Douglasville, GA 30135",3,2,"1,914",https://photos.zillowstatic.com/p_e/ISj323wccndumc1000000000.jpg
"$150,000","4445 Oakland Ct, Douglasville, GA 30135",3,2,"1,545",https://photos.zillowstatic.com/p_e/ISrtvhm7r3r0zk0000000000.jpg
"$206,500","2303 Vineyard Ct, Villa Rica, GA 30180",4,3,"2,668",https://photos.zillowstatic.com/p_e/IS7emoy56a9ily0000000000.jpg
"$430,574","2755 Arlington Ct, Lithia Springs, GA 30122",3,2.5,"1,942",N/A
"$165,000","6183 Douglas Manor Ct, Douglasville, GA 30134",3,2,"1,440",N/A
"$180,000","3298 Jessica Dr, Douglasville, GA 30135",3,2.5,"1,600","data:image/gif;base64,R0lGODlhAQABAIAAAAAAAP///yH5BAEAAAAALAAAAAABAAEAAAIBRAA7"
"$199,900","1973 Blanche Dr, Douglasville, GA 30135",3,2,"2,152","data:image/gif;base64,R0lGODlhAQABAIAAAAAAAP///yH5BAEAAAAALAAAAAABAAEAAAIBRAA7"
"$430,574","2043 Reflective Waters Rd, Villa Rica, GA 30180",4,2.5,"2,868","data:image/gif;base64,R0lGODlhAQABAIAAAAAAAP///yH5BAEAAAAALAAAAAABAAEAAAIBRAA7"
"$220,990","7212 Brigidoon Rose, Douglasville, GA 30134",--,--,--,N/A
"$215,000","4031 Wedgefield Ct, Douglasville, GA 30135",3,3,"2,171","data:image/gif;base64,R0lGODlhAQABAIAAAAAAAP///yH5BAEAAAAALAAAAAABAAEAAAIBRAA7"
"$187,000","3538 Willow Tree Cir, Douglasville, GA 30135",3,3,"1,764","data:image/gif;base64,R0lGODlhAQABAIAAAAAAAP///yH5BAEAAAAALAAAAAABAAEAAAIBRAA7"
"$225,000","4040 Ashby Way, Villa Rica, GA 30180",4,3,"2,506","data:image/gif;base64,R0lGODlhAQABAIAAAAAAAP///yH5BAEAAAAALAAAAAABAAEAAAIBRAA7"
"$232,000","7246 Emma Ct, Douglasville, GA 30134",5,3,"2,404","data:image/gif;base64,R0lGODlhAQABAIAAAAAAAP///yH5BAEAAAAALAAAAAABAAEAAAIBRAA7"
"$350,000","5197 Liberty Rd, Villa Rica, GA 30180",4,4,"3,038","data:image/gif;base64,R0lGODlhAQABAIAAAAAAAP///yH5BAEAAAAALAAAAAABAAEAAAIBRAA7"
"$170,000","5006 Serenity Point Ln, Villa Rica, GA 30180",3,2.5,"1,860","data:image/gif;base64,R0lGODlhAQABAIAAAAAAAP///yH5BAEAAAAALAAAAAABAAEAAAIBRAA7"
"$128,000","3096 W County Line Rd, Lithia Springs, GA 30122",3,2,"1,554",N/A
"$220,490","3007 Chris Cir, Villa Rica, GA 30180",5,3,--,"data:image/gif;base64,R0lGODlhAQABAIAAAAAAAP///yH5BAEAAAAALAAAAAABAAEAAAIBRAA7"
"$370,000","3256 Blackley Old Rd, Douglasville, GA 30135",4,4,"3,356","data:image/gif;base64,R0lGODlhAQABAIAAAAAAAP///yH5BAEAAAAALAAAAAABAAEAAAIBRAA7"
"$157,311","1546 Cave Springs Rd, Douglasville, GA 30134",3,3,"1,542","data:image/gif;base64,R0lGODlhAQABAIAAAAAAAP///yH5BAEAAAAALAAAAAABAAEAAAIBRAA7"
"$160,000","2406 Justine Ter, Lithia Springs, GA 30122",3,2,"1,656","data:image/gif;base64,R0lGODlhAQABAIAAAAAAAP///yH5BAEAAAAALAAAAAABAAEAAAIBRAA7"
"$270,000","4305 Highway 166, Douglasville, GA 30135",3,2,"2,326","data:image/gif;base64,R0lGODlhAQABAIAAAAAAAP///yH5BAEAAAAALAAAAAABAAEAAAIBRAA7"
"$10,000","0 Riley Rd LOT 0, Douglasville, GA 30134",1.72,N/A,N/A,"data:image/gif;base64,R0lGODlhAQABAIAAAAAAAP///yH5BAEAAAAALAAAAAABAAEAAAIBRAA7"
"$195,000","4348 Parkview Dr, Lithia Springs, GA 30122",4,2,"2,057","data:image/gif;base64,R0lGODlhAQABAIAAAAAAAP///yH5BAEAAAAALAAAAAABAAEAAAIBRAA7"
"$159,000","3572 Stone Ridge Trl, Douglasville, GA 30134",3,2,"1,971","data:image/gif;base64,R0lGODlhAQABAIAAAAAAAP///yH5BAEAAAAALAAAAAABAAEAAAIBRAA7"
"$143,250","3855 Willow Ridge Rd, Douglasville, GA 30135",3,2,"1,260","data:image/gif;base64,R0lGODlhAQABAIAAAAAAAP///yH5BAEAAAAALAAAAAABAAEAAAIBRAA7"
"$45,000","9521 Kraft Dr, Winston, GA 30187",--,--,--,N/A
"$140,000","6550 Chickasaw Dr, Douglasville, GA 30135",3,2,"1,348","data:image/gif;base64,R0lGODlhAQABAIAAAAAAAP///yH5BAEAAAAALAAAAAABAAEAAAIBRAA7"
"$285,000","9680 Ephesus Church Rd, Villa Rica, GA 30180",3,2,"3,400","data:image/gif;base64,R0lGODlhAQABAIAAAAAAAP///yH5BAEAAAAALAAAAAABAAEAAAIBRAA7"
"$254,675","8228 Orkney Way, Whitesburg, GA 30187",--,--,--,N/A
"$237,025","8205 Orkney Way, Whitesburg, GA 30185",--,--,--,N/A
"$127,000","3791 Spring Dr, Lithia Springs, GA 30122",2,1,"1,125","data:image/gif;base64,R0lGODlhAQABAIAAAAAAAP///yH5BAEAAAAALAAAAAABAAEAAAIBRAA7"
"$184,000","2027 Dartmoth Way, Villa Rica, GA 30180",3,2,"1,800","data:image/gif;base64,R0lGODlhAQABAIAAAAAAAP///yH5BAEAAAAALAAAAAABAAEAAAIBRAA7"
"$230,500","450 Beranda Cir, Douglasville, GA 30134",3,2,"1,884","data:image/gif;base64,R0lGODlhAQABAIAAAAAAAP///yH5BAEAAAAALAAAAAABAAEAAAIBRAA7"
"$168,990","3215 Tackett Rd, Douglasville, GA 30135",4,3,"2,010","data:image/gif;base64,R0lGODlhAQABAIAAAAAAAP///yH5BAEAAAAALAAAAAABAAEAAAIBRAA7"
"$299,899","3611 Morinda Dr, Douglasville, GA 30135",4,4,"4,132",https://photos.zillowstatic.com/p_e/ISr9kjk7g4digj0000000000.jpg
"$168,990","3215 Tackett Rd, Douglasville, GA 30135",4,3,"2,010",https://photos.zillowstatic.com/p_e/ISrtnnlk65u2tu0000000000.jpg
"$77,300","5528 Christi Dr, Douglasville, GA 30135",3,2,"1,746",https://photos.zillowstatic.com/p_e/IS15oszhgp3f92b.jpg
"$139,000","11871 Veterans Memorial Hwy, Douglasville, GA 30134",2,1,"1,150",N/A
"$10,000","Riley Rd, Douglasville, GA 30134",--,--,--,N/A
"$132,000","2934 Bomar Rd, Douglasville, GA 30135",4,3,"1,882",https://photos.zillowstatic.com/p_e/ISzijtop2b1r4z.jpg
"$165,000","6207 Cowan Mill Rd, Douglasville, GA 30135",3,2,"1,666",https://photos.zillowstatic.com/p_e/ISyfm31aqvslkm1000000000.jpg
"$195,000","6932 Mason Creek Rd, Douglasville, GA 30135",4,2,"1,936",https://photos.zillowstatic.com/p_e/IS3jnpenbex3s01000000000.jpg
"$160,000","4682 Elmhurst Dr, Douglasville, GA 30135",3,2,"1,860",https://photos.zillowstatic.com/p_e/ISb5yu5wpjua7f1000000000.jpg
"$194,900","3495 Stone Ridge Ct, Douglasville, GA 30134",3,2,"2,256","data:image/gif;base64,R0lGODlhAQABAIAAAAAAAP///yH5BAEAAAAALAAAAAABAAEAAAIBRAA7"
"$175,000","8228 Eunice St, Douglasville, GA 30134",5,3,"2,012","data:image/gif;base64,R0lGODlhAQABAIAAAAAAAP///yH5BAEAAAAALAAAAAABAAEAAAIBRAA7"
"$221,000","1195 Silver Moon Trl, Lithia Springs, GA 30122",4,3,"3,160","data:image/gif;base64,R0lGODlhAQABAIAAAAAAAP///yH5BAEAAAAALAAAAAABAAEAAAIBRAA7"
"$304,000","8150 S Giles Rd, Douglasville, GA 30135",3,3,"2,600","data:image/gif;base64,R0lGODlhAQABAIAAAAAAAP///yH5BAEAAAAALAAAAAABAAEAAAIBRAA7"
"$181,000","2825 Herring Pl, Lithia Springs, GA 30122",3,2,"1,370","data:image/gif;base64,R0lGODlhAQABAIAAAAAAAP///yH5BAEAAAAALAAAAAABAAEAAAIBRAA7"
"$159,000","3076 W County Line Rd, Lithia Springs, GA 30122",4,2,"1,618","data:image/gif;base64,R0lGODlhAQABAIAAAAAAAP///yH5BAEAAAAALAAAAAABAAEAAAIBRAA7"
"$345,000","3148 Primrose St, Douglasville, GA 30135",4,4,"4,800","data:image/gif;base64,R0lGODlhAQABAIAAAAAAAP///yH5BAEAAAAALAAAAAABAAEAAAIBRAA7"
"$214,382","3430 Ridge Hill Pkwy, Douglasville, GA 30135",4,2.5,"2,002","data:image/gif;base64,R0lGODlhAQABAIAAAAAAAP///yH5BAEAAAAALAAAAAABAAEAAAIBRAA7"
"$198,000","3632 Highway 166, Douglasville, GA 30135",2,2,"1,757","data:image/gif;base64,R0lGODlhAQABAIAAAAAAAP///yH5BAEAAAAALAAAAAABAAEAAAIBRAA7"
"$214,382","3435 Ridge Hill Pkwy, Douglasville, GA 30135",4,2.5,"2,002","data:image/gif;base64,R0lGODlhAQABAIAAAAAAAP///yH5BAEAAAAALAAAAAABAAEAAAIBRAA7"
"$210,802","3415 Ridge Hill Pkwy, Douglasville, GA 30135",3,2.5,"1,915","data:image/gif;base64,R0lGODlhAQABAIAAAAAAAP///yH5BAEAAAAALAAAAAABAAEAAAIBRAA7"
"$55,000","7271 River Walk Dr, Douglasville, GA 30135",--,--,--,N/A
"$347,900","6091 Sequoia Ln, Douglasville, GA 30135",4,3,"2,811","data:image/gif;base64,R0lGODlhAQABAIAAAAAAAP///yH5BAEAAAAALAAAAAABAAEAAAIBRAA7"
"$285,900","4495 Holly Springs Trce, Douglasville, GA 30135",4,3,"3,258","data:image/gif;base64,R0lGODlhAQABAIAAAAAAAP///yH5BAEAAAAALAAAAAABAAEAAAIBRAA7"
"$268,000","7528 Cantrell Rd, Douglasville, GA 30135",3,3,"3,116",N/A
"$219,990","3011 Chris, Villa Rica, GA 30180",--,--,--,N/A
"$112,450","1736 N Highpoint Dr, Douglasville, GA 30134",3,2,"1,075","data:image/gif;base64,R0lGODlhAQABAIAAAAAAAP///yH5BAEAAAAALAAAAAABAAEAAAIBRAA7"
"$85,000","Summer Cypress Dr, Villa Rica, GA 30180",--,--,--,N/A
"$219,990","3007 Chris Cir #40, Villa Rica, GA 30180",5,3,--,"data:image/gif;base64,R0lGODlhAQABAIAAAAAAAP///yH5BAEAAAAALAAAAAABAAEAAAIBRAA7"
"$175,900","6805 Old Beulah Rd, Lithia Springs, GA 30122",4,3,"1,817","data:image/gif;base64,R0lGODlhAQABAIAAAAAAAP///yH5BAEAAAAALAAAAAABAAEAAAIBRAA7"
"$350,000","3197 Brantingham Rd, Douglasville, GA 30135",3,3,"2,939","data:image/gif;base64,R0lGODlhAQABAIAAAAAAAP///yH5BAEAAAAALAAAAAABAAEAAAIBRAA7"
"$219,490","3010 Chris Cir, Villa Rica, GA 30180",--,--,--,N/A
"$227,690","7220 Brigidoon Rose, Douglasville, GA 30134",3,3,--,"data:image/gif;base64,R0lGODlhAQABAIAAAAAAAP///yH5BAEAAAAALAAAAAABAAEAAAIBRAA7"
"$219,990","3011 Chris Cir #38, Villa Rica, GA 30180",5,3,--,"data:image/gif;base64,R0lGODlhAQABAIAAAAAAAP///yH5BAEAAAAALAAAAAABAAEAAAIBRAA7"
"$96,750","6855 Mark Turner Rd, Lithia Springs, GA 30122",3,2,"1,458",N/A
"$219,490","3010 Chris Cir #23, Villa Rica, GA 30180",5,3,--,"data:image/gif;base64,R0lGODlhAQABAIAAAAAAAP///yH5BAEAAAAALAAAAAABAAEAAAIBRAA7"
"$210,000","970 Ivy Brooke Dr, Douglasville, GA 30134",4,3,"2,276","data:image/gif;base64,R0lGODlhAQABAIAAAAAAAP///yH5BAEAAAAALAAAAAABAAEAAAIBRAA7"
"$55,000","6546 N Sweetwater Rd, Lithia Springs, GA 30122",2,1,756,"data:image/gif;base64,R0lGODlhAQABAIAAAAAAAP///yH5BAEAAAAALAAAAAABAAEAAAIBRAA7"
"$259,900","3217 Bakewell St, Douglasville, GA 30135",3,3,"1,855","data:image/gif;base64,R0lGODlhAQABAIAAAAAAAP///yH5BAEAAAAALAAAAAABAAEAAAIBRAA7"
"$405,064","9892 Ashford Green Way, Douglasville, GA 30135",--,--,--,N/A
"$200,565","6781 Fairways Dr, Douglasville, GA 30134",3,3,"1,943","data:image/gif;base64,R0lGODlhAQABAIAAAAAAAP///yH5BAEAAAAALAAAAAABAAEAAAIBRAA7"
"$190,000","3140 Park Ct, Lithia Springs, GA 30122",4,3,"2,593",https://photos.zillowstatic.com/p_e/ISbdsnq5cljphs0000000000.jpg
"$202,990","3008 Chris Cir, Villa Rica, GA 30180",4,3,--,https://photos.zillowstatic.com/p_e/ISj3ynpynk9jvz0000000000.jpg
"$244,000","7975 Dawson Ln, Douglasville, GA 30134",4,3,"2,279",https://photos.zillowstatic.com/p_e/ISni8dt9txswc90000000000.jpg
"$78,000","6364 Arthur Dr, Lithia Springs, GA 30122",3,1,"1,219",https://photos.zillowstatic.com/p_e/ISjfvlz65d7j2u0000000000.jpg
"$229,000","2950 Bluff Winds Pl, Douglasville, GA 30135",5,4,"2,941",https://photos.zillowstatic.com/p_e/ISvkbj0z54dlyy0000000000.jpg
"$265,000","4235 Spur Look Xing, Douglasville, GA 30135",6,3,"3,420",https://photos.zillowstatic.com/p_e/ISr1u9dwhru8gf0000000000.jpg
"$17,500","4150 Macduff Dr, Douglasville, GA 30135",0.45,N/A,N/A,https://photos.zillowstatic.com/p_e/ISfsixkbkr4m570000000000.jpg
"$110,000","6567 Creel Dr, Lithia Springs, GA 30122",3,1,"1,245",N/A
"$243,400","7104 Roselake Cir, Douglasville, GA 30134",4,4,"2,714",N/A
"$225,690","7222 Brigidoon Rose, Douglasville, GA 30134",--,--,--,N/A
"$198,000","4121 N Martin Way, Lithia Springs, GA 30122",5,3,"1,979","data:image/gif;base64,R0lGODlhAQABAIAAAAAAAP///yH5BAEAAAAALAAAAAABAAEAAAIBRAA7"
"$340,000","3405 Palmer Lake Pointe, Douglasville, GA 30135",6,5,"4,875","data:image/gif;base64,R0lGODlhAQABAIAAAAAAAP///yH5BAEAAAAALAAAAAABAAEAAAIBRAA7"
"$260,000","6053 Fielder Way, Douglasville, GA 30135",4,2,"2,178","data:image/gif;base64,R0lGODlhAQABAIAAAAAAAP///yH5BAEAAAAALAAAAAABAAEAAAIBRAA7"
"$214,000","4860 Crinklepoint Ct, Douglasville, GA 30134",5,3,"3,362","data:image/gif;base64,R0lGODlhAQABAIAAAAAAAP///yH5BAEAAAAALAAAAAABAAEAAAIBRAA7"
"$175,000","19 Roper Dr, Douglasville, GA 30135",Studio,--,"1,579","data:image/gif;base64,R0lGODlhAQABAIAAAAAAAP///yH5BAEAAAAALAAAAAABAAEAAAIBRAA7"
"$175,000","11 Crestview Dr, Douglasville, GA 30135",Studio,--,"1,568","data:image/gif;base64,R0lGODlhAQABAIAAAAAAAP///yH5BAEAAAAALAAAAAABAAEAAAIBRAA7"
"$334,900","3585 Brookhollow Dr, Douglasville, GA 30135",5,5,"3,226","data:image/gif;base64,R0lGODlhAQABAIAAAAAAAP///yH5BAEAAAAALAAAAAABAAEAAAIBRAA7"
"$169,999","6716 Glenridge Ct, Douglasville, GA 30135",3,3,"1,480","data:image/gif;base64,R0lGODlhAQABAIAAAAAAAP///yH5BAEAAAAALAAAAAABAAEAAAIBRAA7"
"$198,000","8074 Colton Creek Way, Douglasville, GA 30134",5,3,"2,555","data:image/gif;base64,R0lGODlhAQABAIAAAAAAAP///yH5BAEAAAAALAAAAAABAAEAAAIBRAA7"
"$221,000","3582 Aberdeen Way, Douglasville, GA 30135",4,2.5,"2,156","data:image/gif;base64,R0lGODlhAQABAIAAAAAAAP///yH5BAEAAAAALAAAAAABAAEAAAIBRAA7"
"$80,000","2627 Cimmaron Trl, Lithia Springs, GA 30122",3,2,"2,190","data:image/gif;base64,R0lGODlhAQABAIAAAAAAAP///yH5BAEAAAAALAAAAAABAAEAAAIBRAA7"
"$312,000","3525 Lindsy Brooke Ct, Douglasville, GA 30135",5,3,"4,293","data:image/gif;base64,R0lGODlhAQABAIAAAAAAAP///yH5BAEAAAAALAAAAAABAAEAAAIBRAA7"
"$210,394","5571 Hickory Stone Dr, Douglasville, GA 30135",4,3,"3,264","data:image/gif;base64,R0lGODlhAQABAIAAAAAAAP///yH5BAEAAAAALAAAAAABAAEAAAIBRAA7"
"$55,000","2070 Riverside Pkwy, Douglasville, GA 30135",2,2,720,N/A
"$140,000","4189 Yeager Rd, Douglasville, GA 30135",3,1.5,"1,075",N/A
"$95,000","3403 Linda Dr, Lithia Springs, GA 30122",3,2,"1,503","data:image/gif;base64,R0lGODlhAQABAIAAAAAAAP///yH5BAEAAAAALAAAAAABAAEAAAIBRAA7"
"$72,000","8247 Eunice St, Douglasville, GA 30134",3,1.5,"1,587",N/A
"$285,000","3006 Olde Tabby Dr, Douglasville, GA 30135",4,4,"2,679","data:image/gif;base64,R0lGODlhAQABAIAAAAAAAP///yH5BAEAAAAALAAAAAABAAEAAAIBRAA7"
"$223,000","7251 Strickland St, Douglasville, GA 30134",4,2,"2,400","data:image/gif;base64,R0lGODlhAQABAIAAAAAAAP///yH5BAEAAAAALAAAAAABAAEAAAIBRAA7"
"$321,900","3502 Summerlin Pkwy, Lithia Springs, GA 30122",5,4,"4,000","data:image/gif;base64,R0lGODlhAQABAIAAAAAAAP///yH5BAEAAAAALAAAAAABAAEAAAIBRAA7"
"$487,000","6485 W Ridge Ct, Douglasville, GA 30135",5,5,"4,736",N/A
"$238,375","6920 Cedar Mountain Rd, Douglasville, GA 30134",3,2,"1,771","data:image/gif;base64,R0lGODlhAQABAIAAAAAAAP///yH5BAEAAAAALAAAAAABAAEAAAIBRAA7"
"$162,500","7550 Cedar Mountain Rd, Douglasville, GA 30134",4,2,"1,796","data:image/gif;base64,R0lGODlhAQABAIAAAAAAAP///yH5BAEAAAAALAAAAAABAAEAAAIBRAA7"
"$298,000","2711 Stillwater Dr, Villa Rica, GA 30180",4,3,"2,770","data:image/gif;base64,R0lGODlhAQABAIAAAAAAAP///yH5BAEAAAAALAAAAAABAAEAAAIBRAA7"
"$234,400","3801 Lake Greystone Rd, Lithia Springs, GA 30122",3,2,"1,638","data:image/gif;base64,R0lGODlhAQABAIAAAAAAAP///yH5BAEAAAAALAAAAAABAAEAAAIBRAA7"
"$200,000","4210 Charley Rd, Douglasville, GA 30135",3,2,"1,735","data:image/gif;base64,R0lGODlhAQABAIAAAAAAAP///yH5BAEAAAAALAAAAAABAAEAAAIBRAA7"
"$715,000","4437 Blue Ridge Dr, Douglasville, GA 30135",5,7,"9,460","data:image/gif;base64,R0lGODlhAQABAIAAAAAAAP///yH5BAEAAAAALAAAAAABAAEAAAIBRAA7"
"$389,900","7301 River Walk Dr, Douglasville, GA 30135",4,4,"3,036","data:image/gif;base64,R0lGODlhAQABAIAAAAAAAP///yH5BAEAAAAALAAAAAABAAEAAAIBRAA7"
"$210,000","8095 Bouldercrest Pl, Douglasville, GA 30135",3,3,"2,324","data:image/gif;base64,R0lGODlhAQABAIAAAAAAAP///yH5BAEAAAAALAAAAAABAAEAAAIBRAA7"
"$270,900","4475 River Stone Trl, Douglasville, GA 30135",4,3,"2,457","data:image/gif;base64,R0lGODlhAQABAIAAAAAAAP///yH5BAEAAAAALAAAAAABAAEAAAIBRAA7"
"$200,000","4210 Charley Rd, Douglasville, GA 30135",3,2,"1,735",https://photos.zillowstatic.com/p_e/ISj3inaqx5qgbs1000000000.jpg
"$270,900","4475 River Stone Trl, Douglasville, GA 30135",4,3,"2,457",https://photos.zillowstatic.com/p_e/ISjb0fu8pxo4rj1000000000.jpg
"$210,000","8095 Bouldercrest Pl, Douglasville, GA 30135",3,3,"2,324",https://photos.zillowstatic.com/p_e/ISnysbu23z1mdx1000000000.jpg
"$395,000","9973 Devonshire St, Douglasville, GA 30135",4,4,"3,442",https://photos.zillowstatic.com/p_e/ISp90c9q2ga2j10000000000.jpg
"$74,000","6354 Arthur Dr, Lithia Springs, GA 30122",3,1,"1,025",https://photos.zillowstatic.com/p_e/IS1swqynnq5wc6b.jpg
"$105,000","8332 Ramblin Ct, Douglasville, GA 30134",3,2,"1,230",N/A
"$80,000","1365 Bent Wind Pl, Douglasville, GA 30134",3,2.5,"1,436",N/A
"$207,900","8058 Everwood Dr, Douglasville, GA 30134",3,3,"2,532",https://photos.zillowstatic.com/p_e/ISvoib6ham5fjd0000000000.jpg
"$175,000","4472 Big Bluff Ct, Douglasville, GA 30135",3,2,"1,345",https://photos.zillowstatic.com/p_e/IS3nmn7dno1u3c1000000000.jpg
"$360,000","5281 Holly Springs Dr, Douglasville, GA 30135",5,4,"3,900","data:image/gif;base64,R0lGODlhAQABAIAAAAAAAP///yH5BAEAAAAALAAAAAABAAEAAAIBRAA7"
"$315,000","8726 Rose Ave, Douglasville, GA 30134",3,2.5,"2,044","data:image/gif;base64,R0lGODlhAQABAIAAAAAAAP///yH5BAEAAAAALAAAAAABAAEAAAIBRAA7"
"$252,000","2430 Redbud Meadow Ln, Douglasville, GA 30135",5,3,"2,954","data:image/gif;base64,R0lGODlhAQABAIAAAAAAAP///yH5BAEAAAAALAAAAAABAAEAAAIBRAA7"
"$72,500","3363 N Anneewakee Rd, Douglasville, GA 30135",4,2,"1,488","data:image/gif;base64,R0lGODlhAQABAIAAAAAAAP///yH5BAEAAAAALAAAAAABAAEAAAIBRAA7"
"$190,000","7096 Skippingstone Way, Douglasville, GA 30134",3,3,"2,062","data:image/gif;base64,R0lGODlhAQABAIAAAAAAAP///yH5BAEAAAAALAAAAAABAAEAAAIBRAA7"
"$152,750","3984 Wedgewood Dr, Douglasville, GA 30135",3,2,"1,334","data:image/gif;base64,R0lGODlhAQABAIAAAAAAAP///yH5BAEAAAAALAAAAAABAAEAAAIBRAA7"
"$576,000","5090 Calgary Dr, Douglasville, GA 30135",--,--,--,N/A
"$145,000","3805 Glade Ave, Douglasville, GA 30135",3,3,"1,854","data:image/gif;base64,R0lGODlhAQABAIAAAAAAAP///yH5BAEAAAAALAAAAAABAAEAAAIBRAA7"
"$200,000","4526 Aerie Ln, Douglasville, GA 30135",3,3,"2,139","data:image/gif;base64,R0lGODlhAQABAIAAAAAAAP///yH5BAEAAAAALAAAAAABAAEAAAIBRAA7"
"$576,000","5050 Calgary Dr, Douglasville, GA 30135",1,N/A,N/A,N/A
"$576,000","5100 Calgary Dr, Douglasville, GA 30135",4,3,--,N/A
"$576,000","5049 Calgary Dr, Douglasville, GA 30135",--,--,--,N/A
"$300,000","4405 Mill Water Xing, Douglasville, GA 30135",5,3,"3,796","data:image/gif;base64,R0lGODlhAQABAIAAAAAAAP///yH5BAEAAAAALAAAAAABAAEAAAIBRAA7"
"$576,000","4999 Calgary Dr, Douglasville, GA 30135",1,N/A,N/A,N/A
"$157,500","6255 Hillpine Dr, Douglasville, GA 30135",3,2,"1,392","data:image/gif;base64,R0lGODlhAQABAIAAAAAAAP///yH5BAEAAAAALAAAAAABAAEAAAIBRAA7"
"$576,000","4979 Calgary Dr, Douglasville, GA 30135",--,--,--,N/A
"$576,000","5069 Calgary Dr, Douglasville, GA 30135",1,N/A,N/A,N/A
"$145,000","5844 W Amalfi Way, Douglasville, GA 30135",3,2,"1,431",N/A
"$576,000","5019 Calgary Dr, Douglasville, GA 30135",1,N/A,N/A,N/A
"$576,000","5099 Calgary Dr, Douglasville, GA 30135",4,5,"3,952","data:image/gif;base64,R0lGODlhAQABAIAAAAAAAP///yH5BAEAAAAALAAAAAABAAEAAAIBRAA7"
"$576,000","5080 Calgary Dr, Douglasville, GA 30135",--,--,--,N/A
"$110,000","18 Roper Dr, Douglasville, GA 30135",4,2,"1,596",N/A
"$172,000","4425 Pipestone Pl, Douglasville, GA 30135",3,2,"1,660","data:image/gif;base64,R0lGODlhAQABAIAAAAAAAP///yH5BAEAAAAALAAAAAABAAEAAAIBRAA7"
"$576,000","5039 Calgary Dr, Douglasville, GA 30135",--,--,--,N/A
"$576,000","4989 Calgary Dr, Douglasville, GA 30135",--,--,--,N/A
"$320,000","3609 Players Ct, Douglasville, GA 30135",5,4,"2,332","data:image/gif;base64,R0lGODlhAQABAIAAAAAAAP///yH5BAEAAAAALAAAAAABAAEAAAIBRAA7"
"$576,000","5089 Calgary Dr, Douglasville, GA 30135",--,--,--,N/A
"$576,000","5009 Calgary Dr, Douglasville, GA 30135",--,--,--,N/A
"$576,000","4990 Calgary Dr, Douglasville, GA 30135",--,--,--,N/A
"$576,000","5000 Calgary Dr, Douglasville, GA 30135",--,--,--,N/A
"$576,000","5059 Calgary Dr, Douglasville, GA 30135",--,--,--,N/A
